id_i,id_j,distance,race_i,race_j,pair_type,inconsistent_baseline,inconsistent_eo,eo_introduced,eo_resolved,threshold_distance_i,threshold_distance_j
567,2556,0.08524053745639293,1,0,cross_race,0,1,1,0,0.05038823662012071,0.1542453834894244
567,4758,0.08524053745639293,1,0,cross_race,0,1,1,0,0.05038823662012071,0.1542453834894244
3039,5407,0.08524053745639301,0,1,cross_race,0,0,0,0,0.25440314437516454,0.42908800647165835
3039,5010,0.3278162629567218,0,1,cross_race,0,0,0,0,0.25440314437516454,0.4703400606505419
3039,4593,0.3278162629567218,0,1,cross_race,0,0,0,0,0.25440314437516454,0.42908800647165835
583,2828,0.0,0,1,cross_race,0,0,0,0,0.07264444141605109,0.2473293035125449
583,3390,0.08524053745639304,0,1,cross_race,0,0,0,0,0.07264444141605109,0.26156461616045873
583,6832,0.08524053745639304,0,1,cross_race,0,0,0,0,0.07264444141605109,0.26156461616045873
662,5226,0.0,1,0,cross_race,0,0,0,0,0.4024323935156929,0.22774753141919907
662,6867,0.08524053745639301,1,0,cross_race,0,0,0,0,0.4024323935156929,0.2380039416756093
662,4120,0.08524053745639301,1,0,cross_race,0,0,0,0,0.4024323935156929,0.2380039416756093
662,3053,0.08524053745639303,1,0,cross_race,0,0,0,0,0.4024323935156929,0.22774753141919907
4953,6073,1.6278728111799488,1,0,cross_race,0,0,0,0,0.34290835182108664,0.2956551985540481
4953,6235,1.9990519214412317,1,0,cross_race,0,0,0,0,0.34290835182108664,0.3341554750693333
4851,6217,0.08524053745639315,1,0,cross_race,0,0,0,0,0.26156461616045873,0.09313496674119603
29,5626,0.17048107491278608,1,0,cross_race,0,0,0,0,0.048338762803230684,0.2382498941493303
749,3600,0.22211688016013684,1,0,cross_race,0,0,0,0,0.42908800647165835,0.2680616809605304
4320,4405,0.08524053745639293,1,0,cross_race,0,0,0,0,0.3258391086648871,0.1297095798675333
2027,3881,0.17048107491278602,1,0,cross_race,1,0,0,1,0.2357787547029555,0.0010898991541923309
2027,4532,0.2051096273367436,1,0,cross_race,0,0,0,0,0.2357787547029555,0.09313496674119603
906,5503,0.0,0,1,cross_race,0,0,0,0,0.0659616174741866,0.24064647957068042
906,7020,0.0,0,1,cross_race,0,0,0,0,0.0659616174741866,0.24064647957068042
61,7145,3.1233492152572713,1,0,cross_race,0,0,0,0,0.16545524576899073,0.3353315339095154
3071,6736,0.0,0,1,cross_race,0,0,0,0,0.2380039416756093,0.4126888037721031
3071,4935,0.0,0,1,cross_race,0,0,0,0,0.2380039416756093,0.4126888037721031
2234,3087,0.0,0,1,cross_race,0,0,0,0,0.09313496674119603,0.26781982883768984
2234,6987,0.08524053745639293,0,1,cross_race,0,0,0,0,0.09313496674119603,0.26781982883768984
2234,2396,0.08524053745639293,0,1,cross_race,0,0,0,0,0.09313496674119603,0.26781982883768984
774,4222,0.0,1,0,cross_race,0,0,0,0,0.4024323935156929,0.22774753141919907
774,1149,0.08524053745639298,1,0,cross_race,0,0,0,0,0.4024323935156929,0.215355220367416
3241,5515,0.08524053745639304,1,0,cross_race,0,0,0,0,0.0,0.17046611927537747
1778,4424,0.08524053745639301,1,0,cross_race,0,0,0,0,0.26781982883768984,0.09313496674119603
1778,2291,0.17048107491278602,1,0,cross_race,0,0,0,0,0.26781982883768984,0.15115424656839327
4902,5197,0.0,0,1,cross_race,0,0,0,0,0.01018080824510148,0.1848656703415953
6311,6692,0.08524053745639303,0,1,cross_race,0,0,0,0,0.22774753141919907,0.4024323935156929
548,4813,0.08524053745639304,0,1,cross_race,0,1,1,0,0.10831154952742139,0.07395582678730839
548,754,0.08524053745639304,0,1,cross_race,0,1,1,0,0.10831154952742139,0.05210967636972941
548,5888,0.08524053745639304,0,1,cross_race,0,1,1,0,0.10831154952742139,0.05210967636972941
5888,6132,0.08524053745639293,1,0,cross_race,0,1,1,0,0.05210967636972941,0.13757871682275769
2002,6075,0.0,0,1,cross_race,0,0,0,0,0.15508281799696466,0.32976768009345847
6022,6725,0.26670912269668773,1,0,cross_race,0,0,0,0,0.42908800647165835,0.25440314437516454
347,1691,0.2051096273367436,1,0,cross_race,0,1,1,0,0.05038823662012071,0.19960075654423848
4778,5744,0.08524053745639303,1,0,cross_race,0,0,0,0,0.17577476125068614,0.0010898991541923309
2147,2649,0.26670912269668773,1,0,cross_race,0,0,0,0,0.12501927934943635,0.30858410417080095
5959,6336,0.0,1,0,cross_race,0,1,1,0,0.10747347972554522,0.06607905930291869
4082,5787,0.17048107491278602,0,1,cross_race,0,0,0,0,0.22774753141919907,0.4024323935156929
4082,6241,0.17048107491278605,0,1,cross_race,0,0,0,0,0.22774753141919907,0.3735149961514093
1964,5942,0.17048107491278608,1,0,cross_race,0,0,0,0,0.3258391086648871,0.16957372577251
717,7044,0.22211688016013684,0,1,cross_race,0,0,0,0,0.35922680083385544,0.5159399042653943
717,4674,0.47298910121966486,0,1,cross_race,0,0,0,0,0.35922680083385544,0.4871296238950115
717,4717,0.511443224738358,0,1,cross_race,0,0,0,0,0.35922680083385544,0.5088403371658271
914,4224,0.08524053745639304,1,0,cross_race,0,1,1,0,0.1503608439336641,0.0
6119,6336,0.0,1,0,cross_race,0,1,1,0,0.10747347972554522,0.06607905930291869
2589,6072,0.0,1,0,cross_race,0,0,0,0,0.3258391086648871,0.15115424656839327
2589,5631,0.0,1,0,cross_race,0,0,0,0,0.3258391086648871,0.15115424656839327
2589,5353,0.0,1,0,cross_race,0,0,0,0,0.3258391086648871,0.15115424656839327
2589,6851,0.08524053745639298,1,0,cross_race,0,0,0,0,0.3258391086648871,0.15508281799696466
5023,7145,1.277017509573584,1,0,cross_race,0,0,0,0,0.09848269398358267,0.3353315339095154
4222,6104,0.08524053745639298,0,1,cross_race,0,0,0,0,0.22774753141919907,0.3900400824639098
1239,3034,0.0,1,0,cross_race,0,0,0,0,0.32976768009345847,0.15508281799696466
1239,4903,0.0,1,0,cross_race,0,0,0,0,0.32976768009345847,0.15508281799696466
4453,5216,0.0,0,1,cross_race,0,1,1,0,0.172190257206412,0.0013622818220518917
2274,4453,0.08524053745639304,1,0,cross_race,0,1,1,0,0.0030864197530864335,0.172190257206412
32,3111,0.17048107491278602,1,0,cross_race,0,1,1,0,0.10747347972554522,0.11272802537246862
32,5744,0.20510962733674362,1,0,cross_race,0,0,0,0,0.10747347972554522,0.0010898991541923309
32,1790,0.20510962733674365,1,0,cross_race,0,1,1,0,0.10747347972554522,0.1231643024083432
4628,6265,0.4442337603202737,0,1,cross_race,1,1,0,0,0.0,0.3258391086648871
4628,6375,0.6212049438484978,0,1,cross_race,1,1,0,0,0.0,0.3258391086648871
2556,2562,0.08524053745639304,0,1,cross_race,0,1,1,0,0.1542453834894244,0.0013622818220518917
2556,3637,0.17048107491278597,0,1,cross_race,0,1,1,0,0.1542453834894244,0.05038823662012071
3820,4624,0.2667091226966877,1,0,cross_race,0,1,1,0,0.14627033673970868,0.1701272864851875
4334,6523,0.0,1,0,cross_race,0,0,0,0,0.42908800647165835,0.25440314437516454
1212,4713,0.0,0,1,cross_race,0,1,1,0,0.0669411282684359,0.106611410760028
1212,6546,0.0,0,1,cross_race,0,1,1,0,0.0669411282684359,0.106611410760028
1212,2864,0.0,0,1,cross_race,0,1,1,0,0.0669411282684359,0.106611410760028
1212,1979,0.0,0,1,cross_race,0,1,1,0,0.0669411282684359,0.106611410760028
2540,6328,0.0,1,0,cross_race,0,0,0,0,0.32976768009345847,0.15508281799696466
2540,4903,0.08524053745639293,1,0,cross_race,0,0,0,0,0.32976768009345847,0.15508281799696466
5008,5786,0.08524053745639301,1,0,cross_race,0,0,0,0,0.39409540360783857,0.21465346598145107
4343,6068,0.0,1,0,cross_race,0,0,0,0,0.26781982883768984,0.09313496674119603
4343,7053,0.0,1,0,cross_race,0,0,0,0,0.26781982883768984,0.09313496674119603
2394,6068,0.0,1,0,cross_race,0,0,0,0,0.26781982883768984,0.09313496674119603
2394,7053,0.0,1,0,cross_race,0,0,0,0,0.26781982883768984,0.09313496674119603
1668,6850,0.0,0,1,cross_race,0,1,1,0,0.0,0.1735525390284639
1668,5374,0.0,0,1,cross_race,0,1,1,0,0.0,0.1735525390284639
1668,2799,0.0,0,1,cross_race,0,1,1,0,0.0,0.1735525390284639
1668,3103,0.0,0,1,cross_race,0,1,1,0,0.0,0.1735525390284639
5884,6765,0.5966837621947514,0,1,cross_race,0,0,0,0,0.4691089035952152,0.5669043619376849
1137,6195,0.08524053745639304,1,0,cross_race,0,0,0,0,0.3258391086648871,0.15115424656839327
1137,3572,0.08524053745639304,1,0,cross_race,0,0,0,0,0.3258391086648871,0.15115424656839327
1620,2155,0.4102192546734872,1,0,cross_race,0,0,0,0,0.029815472483899597,0.1231643024083432
1175,5725,0.08524053745639304,1,0,cross_race,0,0,0,0,0.3662505664032267,0.20607720817801145
5676,6159,0.08524053745639304,1,0,cross_race,0,0,0,0,0.26781982883768984,0.09313496674119603
459,5364,0.08524053745639304,0,1,cross_race,0,0,0,0,0.07221683015141761,0.2357787547029555
459,3317,0.08524053745639304,0,1,cross_race,0,0,0,0,0.07221683015141761,0.2357787547029555
459,3192,0.08524053745639304,0,1,cross_race,0,0,0,0,0.07221683015141761,0.2357787547029555
3002,4935,0.08524053745639301,0,1,cross_race,0,0,0,0,0.24730218728964432,0.4126888037721031
2369,6971,0.255721612369179,1,0,cross_race,0,0,0,0,0.3515426626231579,0.21863464845683944
2369,3076,0.4442337603202737,1,0,cross_race,0,0,0,0,0.3515426626231579,0.25440314437516454
2369,3898,0.4442337603202737,1,0,cross_race,0,0,0,0,0.3515426626231579,0.22774753141919907
65,2663,0.08524053745639304,1,0,cross_race,0,1,1,0,0.05038823662012071,0.1231643024083432
65,3111,0.08524053745639304,1,0,cross_race,0,1,1,0,0.05038823662012071,0.11272802537246862
65,6723,0.08524053745639304,1,0,cross_race,0,1,1,0,0.05038823662012071,0.1231643024083432
4212,6519,0.0,1,0,cross_race,0,0,0,0,0.4871296238950115,0.3124447617985177
4212,4617,0.08524053745639293,1,0,cross_race,0,0,0,0,0.4871296238950115,0.3124447617985177
4212,5842,0.17048107491278586,1,0,cross_race,0,0,0,0,0.4871296238950115,0.3124447617985177
2271,4045,1.9361015812840199,1,0,cross_race,1,0,0,1,0.2237152626394635,0.0
2288,2649,0.6385087547867924,1,0,cross_race,0,0,0,0,0.1406124784733933,0.30858410417080095
1260,3594,0.0,1,0,cross_race,0,1,1,0,0.15495926685721018,0.018593272171253727
2264,3147,0.8884675206405475,1,0,cross_race,0,0,0,0,0.056468844104043625,0.09231877798483723
1699,5672,0.22211688016013686,0,1,cross_race,1,0,0,1,0.10087907448530375,0.1820299739279172
1699,4355,0.2667091226966877,0,1,cross_race,0,0,0,0,0.10087907448530375,0.34290835182108664
1699,4283,0.26670912269668773,0,1,cross_race,1,0,0,1,0.10087907448530375,0.17577476125068614
1699,3191,0.3278162629567217,0,1,cross_race,0,0,0,0,0.10087907448530375,0.27556393658179756
631,2940,0.0,0,1,cross_race,0,0,0,0,0.0010898991541923309,0.17577476125068614
631,2029,0.0,0,1,cross_race,0,0,0,0,0.0010898991541923309,0.17577476125068614
631,1768,0.0,0,1,cross_race,0,0,0,0,0.0010898991541923309,0.17577476125068614
631,1648,0.08524053745639304,0,1,cross_race,0,0,0,0,0.0010898991541923309,0.1735525390284639
1681,7109,0.08524053745639304,0,1,cross_race,0,0,0,0,0.15115424656839327,0.27556393658179756
6184,7120,0.0,1,0,cross_race,0,0,0,0,0.4871296238950115,0.3124447617985177
1473,5705,0.22211688016013686,1,0,cross_race,0,1,1,0,0.12960416686278542,0.0
2273,2848,0.0,0,1,cross_race,0,0,0,0,0.22774753141919907,0.4024323935156929
4272,4405,0.0,1,0,cross_race,0,0,0,0,0.3043944419640271,0.1297095798675333
1787,3789,0.0,0,1,cross_race,0,0,0,0,0.1768578005266641,0.3515426626231579
1787,6343,0.0,0,1,cross_race,0,0,0,0,0.1768578005266641,0.3515426626231579
2864,6008,0.0,1,0,cross_race,0,1,1,0,0.106611410760028,0.0669411282684359
5233,6194,8.153705453260704,0,1,cross_race,0,0,0,0,0.28216575296317326,0.136474732498438
5233,6330,8.447391136246559,0,1,cross_race,0,0,0,0,0.28216575296317326,0.048338762803230684
3870,7088,0.39790092590982196,0,1,cross_race,0,1,1,0,0.05267716957372115,0.15420870278807608
2200,5386,0.08524053745639304,1,0,cross_race,0,0,0,0,0.4024323935156929,0.21941054151134476
2200,5135,0.08524053745639304,1,0,cross_race,0,0,0,0,0.4024323935156929,0.22774753141919907
2200,2276,0.08524053745639304,1,0,cross_race,0,0,0,0,0.4024323935156929,0.21941054151134476
2200,4672,0.08524053745639304,1,0,cross_race,0,0,0,0,0.4024323935156929,0.22774753141919907
2822,5493,0.26670912269668773,1,0,cross_race,0,0,0,0,0.35260641774628515,0.19382013264811776
2822,6182,0.3278162629567216,1,0,cross_race,0,0,0,0,0.35260641774628515,0.16822348972459283
1890,5769,0.0,1,0,cross_race,0,0,0,0,0.17577476125068614,0.0010898991541923309
3629,7129,0.2051096273367436,1,0,cross_race,0,0,0,0,0.2229841419083427,0.09313496674119603
3629,5457,0.2051096273367436,1,0,cross_race,0,0,0,0,0.2229841419083427,0.09313496674119603
6587,6978,0.0,0,1,cross_race,0,0,0,0,0.0490304005429697,0.2237152626394635
6587,6855,0.0,0,1,cross_race,0,0,0,0,0.0490304005429697,0.2237152626394635
3158,6235,0.22211688016013675,1,0,cross_race,0,0,0,0,0.5088403371658271,0.3341554750693333
3158,5129,0.22211688016013684,1,0,cross_race,0,0,0,0,0.5088403371658271,0.35922680083385544
3158,3365,0.2667091226966877,1,0,cross_race,0,0,0,0,0.5088403371658271,0.3124447617985177
3509,6263,0.08524053745639304,1,0,cross_race,0,0,0,0,0.48615401413891396,0.2956551985540481
3509,5262,0.17048107491278597,1,0,cross_race,0,0,0,0,0.48615401413891396,0.31146915204242015
1256,4674,0.22211688016013675,0,1,cross_race,0,0,0,0,0.31146915204242015,0.4871296238950115
4011,5807,0.17048107491278608,0,1,cross_race,0,0,0,0,0.20607720817801145,0.36850499474461157
4011,4355,0.3409621498255721,0,1,cross_race,0,0,0,0,0.20607720817801145,0.34290835182108664
357,3330,0.08524053745639304,1,0,cross_race,0,0,0,0,0.048338762803230684,0.23011981284851735
357,539,0.6385087547867919,1,0,cross_race,0,0,0,0,0.048338762803230684,0.28026374402886933
357,6496,0.8884675206405475,1,0,cross_race,0,0,0,0,0.048338762803230684,0.1231643024083432
357,6806,1.277017509573584,1,0,cross_race,0,0,0,0,0.048338762803230684,0.0
357,1640,1.277017509573584,1,0,cross_race,0,0,0,0,0.048338762803230684,0.0
6644,6736,0.0,0,1,cross_race,0,0,0,0,0.2380039416756093,0.4126888037721031
10,3835,0.0,0,1,cross_race,0,0,0,0,0.09313496674119603,0.26781982883768984
10,3543,0.0,0,1,cross_race,0,0,0,0,0.09313496674119603,0.26781982883768984
3436,4120,0.22211688016013686,1,0,cross_race,0,0,0,0,0.4024323935156929,0.2380039416756093
3436,6867,0.22211688016013686,1,0,cross_race,0,0,0,0,0.4024323935156929,0.2380039416756093
1459,3967,0.08524053745639298,0,1,cross_race,0,0,0,0,0.21159652252918626,0.01226415094339628
1459,6329,0.08524053745639298,0,1,cross_race,0,0,0,0,0.21159652252918626,0.01226415094339628
1459,5592,0.08524053745639304,0,1,cross_race,0,0,0,0,0.21159652252918626,0.029815472483899597
1459,5401,0.17048107491278608,0,1,cross_race,0,0,0,0,0.21159652252918626,0.037426820043725995
2172,4902,0.0,1,0,cross_race,0,0,0,0,0.1848656703415953,0.01018080824510148
6407,6634,0.3278162629567217,0,1,cross_race,0,0,0,0,0.23540306999978144,0.056468844104043625
856,2493,0.0,0,1,cross_race,0,0,0,0,0.2907057036045531,0.4653905657010469
856,2544,0.08524053745639304,0,1,cross_race,0,0,0,0,0.2907057036045531,0.42908800647165835
6008,6546,0.0,0,1,cross_race,0,1,1,0,0.0669411282684359,0.106611410760028
2544,3816,0.0,1,0,cross_race,0,0,0,0,0.42908800647165835,0.25440314437516454
2544,6160,0.08524053745639304,1,0,cross_race,0,0,0,0,0.42908800647165835,0.2907057036045531
5761,6634,0.0,0,1,cross_race,0,0,0,0,0.2382498941493303,0.056468844104043625
4813,6954,0.08524053745639304,1,0,cross_race,0,1,1,0,0.07395582678730839,0.06607905930291869
3122,3247,0.08524053745639304,0,1,cross_race,0,0,0,0,0.10087907448530375,0.3258391086648871
3122,3990,0.20510962733674362,0,1,cross_race,0,0,0,0,0.10087907448530375,0.24298984416781338
4145,4187,0.22211688016013686,0,1,cross_race,0,1,1,0,0.06607905930291869,0.17577476125068614
3266,3366,0.0,0,1,cross_race,0,0,0,0,0.01018080824510148,0.1848656703415953
3266,6177,0.0,0,1,cross_race,0,0,0,0,0.01018080824510148,0.1848656703415953
3266,3317,0.08524053745639293,0,1,cross_race,1,0,0,1,0.01018080824510148,0.2357787547029555
3564,4785,0.0,0,1,cross_race,0,0,0,0,0.25440314437516454,0.42908800647165835
3564,4841,0.22211688016013684,0,1,cross_race,0,0,0,0,0.25440314437516454,0.4703400606505419
887,4851,0.22211688016013684,0,1,cross_race,1,1,0,0,0.018593272171253727,0.26156461616045873
1887,2011,0.0,0,1,cross_race,0,0,0,0,0.09313496674119603,0.26781982883768984
1887,2103,0.0,0,1,cross_race,0,0,0,0,0.09313496674119603,0.26781982883768984
1887,5601,0.0,0,1,cross_race,0,0,0,0,0.09313496674119603,0.26781982883768984
4518,6295,0.0,1,0,cross_race,0,0,0,0,0.3258391086648871,0.15115424656839327
2152,4298,0.08524053745639293,0,1,cross_race,0,0,0,0,0.16989763281177944,0.34410746548264787
1338,4914,0.08524053745639315,1,0,cross_race,0,1,1,0,0.05038823662012071,0.1214428626587345
4435,7133,0.22211688016013686,0,1,cross_race,0,0,0,0,0.2680616809605304,0.42908800647165835
1461,5626,0.20510962733674365,1,0,cross_race,0,0,0,0,0.048338762803230684,0.2382498941493303
4268,6075,0.08524053745639301,0,1,cross_race,0,0,0,0,0.16989763281177944,0.32976768009345847
268,3526,0.22211688016013686,1,0,cross_race,0,0,0,0,0.38076207027450526,0.179112228868049
2208,4914,0.08524053745639293,1,0,cross_race,0,1,1,0,0.0734262376529099,0.1214428626587345
2208,4136,0.17048107491278608,1,0,cross_race,0,1,1,0,0.0734262376529099,0.1231643024083432
3118,6658,0.20510962733674365,0,1,cross_race,0,1,1,0,0.20096303836629037,0.009716362700164849
3118,4231,0.41898184463139465,0,1,cross_race,0,0,0,0,0.20096303836629037,0.056468844104043625
1319,2874,0.0,0,1,cross_race,0,0,0,0,0.15115424656839327,0.3258391086648871
1319,1610,0.0,0,1,cross_race,0,0,0,0,0.15115424656839327,0.3258391086648871
1319,5128,0.0,0,1,cross_race,0,0,0,0,0.15115424656839327,0.3258391086648871
1319,3036,0.08524053745639301,0,1,cross_race,0,0,0,0,0.15115424656839327,0.3258391086648871
3771,5705,0.17048107491278602,1,0,cross_race,0,1,1,0,0.1724915310709043,0.0
3771,3926,0.20510962733674365,1,0,cross_race,0,1,1,0,0.1724915310709043,0.11444946512207743
3972,6257,0.2667091226966876,0,1,cross_race,0,0,0,0,0.20607720817801145,0.4024323935156929
3176,5725,0.0,1,0,cross_race,0,0,0,0,0.38076207027450526,0.20607720817801145
3191,3327,0.22211688016013686,1,0,cross_race,0,0,0,0,0.27556393658179756,0.15115424656839327
3191,3570,0.22211688016013686,1,0,cross_race,0,0,0,0,0.27556393658179756,0.15115424656839327
5900,6841,0.08524053745639293,1,0,cross_race,0,0,0,0,0.48615401413891396,0.3124447617985177
5900,6053,0.08524053745639293,1,0,cross_race,0,0,0,0,0.48615401413891396,0.3124447617985177
3928,5719,0.08524053745639304,0,1,cross_race,0,0,0,0,0.3124447617985177,0.4871296238950115
3928,6184,0.08524053745639304,0,1,cross_race,0,0,0,0,0.3124447617985177,0.4871296238950115
4127,6433,0.20510962733674365,0,1,cross_race,0,1,1,0,0.18178105004528666,0.03416750083416742
4127,4663,0.39790092590982207,0,1,cross_race,0,1,1,0,0.18178105004528666,0.0961904949108825
4127,5117,0.4102192546734873,0,1,cross_race,0,1,1,0,0.18178105004528666,0.06082451365599528
3671,6043,0.08524053745639298,1,0,cross_race,0,0,0,0,0.4024323935156929,0.2380039416756093
3671,3688,0.08524053745639298,1,0,cross_race,0,0,0,0,0.4024323935156929,0.2380039416756093
3671,3775,0.08524053745639304,1,0,cross_race,0,0,0,0,0.4024323935156929,0.22774753141919907
1718,3669,0.0,1,0,cross_race,0,0,0,0,0.4024323935156929,0.22774753141919907
1718,4412,0.20510962733674365,1,0,cross_race,0,0,0,0,0.4024323935156929,0.2380039416756093
1624,3570,0.0,1,0,cross_race,0,0,0,0,0.3258391086648871,0.15115424656839327
1624,3327,0.0,1,0,cross_race,0,0,0,0,0.3258391086648871,0.15115424656839327
1624,1681,0.08524053745639298,1,0,cross_race,0,0,0,0,0.3258391086648871,0.15115424656839327
1624,2248,0.17048107491278608,1,0,cross_race,0,0,0,0,0.3258391086648871,0.16596906138320805
1595,2771,2.2988705298193475,1,0,cross_race,0,0,0,0,0.09848269398358267,0.21159652252918626
2562,4758,0.08524053745639304,1,0,cross_race,0,1,1,0,0.0013622818220518917,0.1542453834894244
649,2190,0.08524053745639298,0,1,cross_race,0,0,0,0,0.16989763281177944,0.3258391086648871
764,4247,0.08524053745639315,1,0,cross_race,0,0,0,0,0.5088403371658271,0.3341554750693333
764,5129,0.17048107491278608,1,0,cross_race,0,0,0,0,0.5088403371658271,0.35922680083385544
764,3365,0.41898184463139465,1,0,cross_race,0,0,0,0,0.5088403371658271,0.3124447617985177
402,2011,0.0,0,1,cross_race,0,0,0,0,0.09313496674119603,0.26781982883768984
402,2103,0.0,0,1,cross_race,0,0,0,0,0.09313496674119603,0.26781982883768984
402,5601,0.0,0,1,cross_race,0,0,0,0,0.09313496674119603,0.26781982883768984
4688,6705,0.17048107491278608,1,0,cross_race,0,0,0,0,0.4024323935156929,0.22774753141919907
1273,2500,0.0,1,0,cross_race,0,0,0,0,0.26781982883768984,0.09313496674119603
1273,5322,0.0,1,0,cross_race,0,0,0,0,0.26781982883768984,0.09313496674119603
1111,3278,0.0,1,0,cross_race,0,0,0,0,0.3180950009207793,0.1434101388242855
2276,5907,0.0,0,1,cross_race,0,0,0,0,0.21941054151134476,0.39409540360783857
2276,2580,0.08524053745639298,0,1,cross_race,0,0,0,0,0.21941054151134476,0.3760049947446116
6201,6770,0.0,1,0,cross_race,0,0,0,0,0.27730573265195185,0.10262087055545804
2933,6506,0.2221168801601368,1,0,cross_race,0,0,0,0,0.3258391086648871,0.21941054151134476
3105,3120,0.08524053745639304,1,0,cross_race,0,0,0,0,0.38078959626289893,0.20132013264811777
3105,3416,0.20510962733674365,1,0,cross_race,0,0,0,0,0.38078959626289893,0.22774753141919907
2580,5386,0.08524053745639298,1,0,cross_race,0,0,0,0,0.3760049947446116,0.21941054151134476
2580,4268,0.17048107491278605,1,0,cross_race,0,0,0,0,0.3760049947446116,0.16989763281177944
4731,5626,0.795801851819644,1,0,cross_race,0,0,0,0,0.056468844104043625,0.2382498941493303
1813,5493,0.5915476037913092,1,0,cross_race,1,0,0,1,0.17577476125068614,0.19382013264811776
2402,6723,0.0,1,0,cross_race,0,1,1,0,0.05038823662012071,0.1231643024083432
2402,2663,0.0,1,0,cross_race,0,1,1,0,0.05038823662012071,0.1231643024083432
865,1887,0.0,1,0,cross_race,0,0,0,0,0.26781982883768984,0.09313496674119603
95,2190,0.08524053745639298,0,1,cross_race,0,0,0,0,0.16989763281177944,0.3258391086648871
1267,3509,0.08524053745639304,0,1,cross_race,0,0,0,0,0.2956551985540481,0.48615401413891396
1301,5082,0.0,0,1,cross_race,0,0,0,0,0.09313496674119603,0.26781982883768984
1301,2394,0.0,0,1,cross_race,0,0,0,0,0.09313496674119603,0.26781982883768984
1301,4343,0.0,0,1,cross_race,0,0,0,0,0.09313496674119603,0.26781982883768984
1192,3175,0.08524053745639298,0,1,cross_race,0,0,0,0,0.21797520478809818,0.4024323935156929
1192,7049,0.08524053745639304,0,1,cross_race,0,0,0,0,0.21797520478809818,0.38006031588854033
1911,4145,0.08524053745639304,1,0,cross_race,0,1,1,0,0.11262499487706035,0.06607905930291869
902,2984,0.0,1,0,cross_race,0,0,0,0,0.3515426626231579,0.1768578005266641
902,1787,0.0,1,0,cross_race,0,0,0,0,0.3515426626231579,0.1768578005266641
3818,5542,0.22211688016013675,1,0,cross_race,0,1,1,0,0.05910307390638647,0.0031817937457687684
2766,5412,0.4189818446313947,1,0,cross_race,0,0,0,0,0.048338762803230684,0.18178105004528666
2766,4127,0.7485174438063078,1,0,cross_race,0,0,0,0,0.048338762803230684,0.18178105004528666
2766,3147,0.7941107268639883,1,0,cross_race,0,0,0,0,0.048338762803230684,0.09231877798483723
4362,6008,0.08524053745639315,1,0,cross_race,0,1,1,0,0.06524098950104251,0.0669411282684359
1952,5536,0.0,0,1,cross_race,0,0,0,0,0.186612228868049,0.3612970909645428
1952,2448,0.0,0,1,cross_race,0,0,0,0,0.186612228868049,0.3612970909645428
1952,4930,0.08524053745639301,0,1,cross_race,0,0,0,0,0.186612228868049,0.3515426626231579
3036,4424,0.08524053745639301,1,0,cross_race,0,0,0,0,0.3258391086648871,0.09313496674119603
2476,5216,0.08524053745639304,0,1,cross_race,0,1,1,0,0.17046611927537747,0.0013622818220518917
720,3087,0.0,0,1,cross_race,0,0,0,0,0.09313496674119603,0.26781982883768984
720,6987,0.08524053745639293,0,1,cross_race,0,0,0,0,0.09313496674119603,0.26781982883768984
720,2396,0.08524053745639293,0,1,cross_race,0,0,0,0,0.09313496674119603,0.26781982883768984
2500,2892,0.08524053745639304,0,1,cross_race,0,0,0,0,0.09313496674119603,0.3258391086648871
1469,7145,2.4479152536282833,1,0,cross_race,0,0,0,0,0.16545524576899073,0.3353315339095154
1469,4047,2.8750574524188894,1,0,cross_race,0,0,0,0,0.16545524576899073,0.28026374402886933
6357,6510,2.9248621683918183,0,1,cross_race,0,1,1,0,0.1999754245058829,0.08093106510897763
6357,6935,3.1188198648410017,0,1,cross_race,1,1,0,0,0.1999754245058829,0.31635320485062507
1502,6382,0.3979009259098221,0,1,cross_race,0,0,0,0,0.1868186930565212,0.03784286202335008
1502,3841,0.4262026872819651,0,1,cross_race,0,0,0,0,0.1868186930565212,0.048338762803230684
1502,7088,0.6212049438484979,0,1,cross_race,0,1,1,0,0.1868186930565212,0.15420870278807608
1502,6941,0.6556325259134435,0,1,cross_race,0,1,1,0,0.1868186930565212,0.1820299739279172
3898,5156,0.22211688016013686,0,1,cross_race,0,0,0,0,0.22774753141919907,0.38222493298614546
811,3523,0.17048107491278602,1,0,cross_race,0,0,0,0,0.0,0.13938503819429648
4375,5621,0.08524053745639304,0,1,cross_race,0,0,0,0,0.0490304005429697,0.2357787547029555
5183,6508,0.17048107491278586,1,0,cross_race,0,0,0,0,0.5389621679808543,0.35922680083385544
5183,5892,0.25572161236917923,1,0,cross_race,0,0,0,0,0.5389621679808543,0.39180977341682804
2179,4834,0.17048107491278597,1,0,cross_race,0,1,1,0,0.05210967636972941,0.0669411282684359
2179,2476,0.17048107491278608,1,0,cross_race,0,1,1,0,0.05210967636972941,0.17046611927537747
5010,5363,0.20510962733674365,1,0,cross_race,0,0,0,0,0.4703400606505419,0.2680616809605304
4834,6074,0.17048107491278597,0,1,cross_race,0,1,1,0,0.0669411282684359,0.05210967636972941
1044,2625,0.08524053745639301,1,0,cross_race,0,0,0,0,0.26781982883768984,0.09313496674119603
1044,4510,0.22211688016013684,1,0,cross_race,0,0,0,0,0.26781982883768984,0.15115424656839327
3203,3330,2.515720326816112,1,0,cross_race,0,0,0,0,0.09848269398358267,0.23011981284851735
1228,5769,0.0,1,0,cross_race,0,0,0,0,0.17577476125068614,0.0010898991541923309
5204,6506,0.0,1,0,cross_race,0,0,0,0,0.39409540360783857,0.21941054151134476
2787,3835,0.0,0,1,cross_race,0,0,0,0,0.09313496674119603,0.26781982883768984
2787,3543,0.0,0,1,cross_race,0,0,0,0,0.09313496674119603,0.26781982883768984
4315,6254,0.4262026872819651,0,1,cross_race,0,1,1,0,0.0,0.05620230044566321
4315,6709,0.5966837621947512,0,1,cross_race,0,1,1,0,0.0,0.05038823662012071
780,4220,0.0,0,1,cross_race,0,0,0,0,0.08687975406396492,0.26156461616045873
780,3930,0.0,0,1,cross_race,0,0,0,0,0.08687975406396492,0.26156461616045873
780,3390,0.0,0,1,cross_race,0,0,0,0,0.08687975406396492,0.26156461616045873
780,6832,0.0,0,1,cross_race,0,0,0,0,0.08687975406396492,0.26156461616045873
3087,6217,0.0,1,0,cross_race,0,0,0,0,0.26781982883768984,0.09313496674119603
5135,5333,0.17048107491278597,0,1,cross_race,0,0,0,0,0.22774753141919907,0.4126888037721031
5135,5907,0.17048107491278608,0,1,cross_race,0,0,0,0,0.22774753141919907,0.39409540360783857
473,6506,0.08524053745639301,1,0,cross_race,0,0,0,0,0.4024323935156929,0.21941054151134476
473,821,0.08524053745639301,1,0,cross_race,0,0,0,0,0.4024323935156929,0.21941054151134476
473,2273,0.17048107491278602,1,0,cross_race,0,0,0,0,0.4024323935156929,0.22774753141919907
1489,7141,0.20510962733674365,1,0,cross_race,0,0,0,0,0.048338762803230684,0.23011981284851735
6614,6692,0.08524053745639303,0,1,cross_race,0,0,0,0,0.22774753141919907,0.4024323935156929
3594,7208,0.0,0,1,cross_race,0,1,1,0,0.018593272171253727,0.15495926685721018
3594,4924,0.0,0,1,cross_race,0,1,1,0,0.018593272171253727,0.15495926685721018
3594,6356,0.0,0,1,cross_race,0,1,1,0,0.018593272171253727,0.15495926685721018
3076,5627,0.2221168801601368,0,1,cross_race,0,0,0,0,0.25440314437516454,0.4653905657010469
3076,3610,0.2221168801601368,0,1,cross_race,0,0,0,0,0.25440314437516454,0.4653905657010469
3076,4895,0.2667091226966876,0,1,cross_race,0,0,0,0,0.25440314437516454,0.42908800647165835
387,2291,0.08524053745639301,1,0,cross_race,0,0,0,0,0.26781982883768984,0.15115424656839327
3182,4220,0.0,0,1,cross_race,0,0,0,0,0.08687975406396492,0.26156461616045873
3182,3930,0.0,0,1,cross_race,0,0,0,0,0.08687975406396492,0.26156461616045873
3182,3390,0.0,0,1,cross_race,0,0,0,0,0.08687975406396492,0.26156461616045873
3182,6832,0.0,0,1,cross_race,0,0,0,0,0.08687975406396492,0.26156461616045873
3522,6644,0.08524053745639301,1,0,cross_race,0,0,0,0,0.4126888037721031,0.2380039416756093
3522,6311,0.08524053745639301,1,0,cross_race,0,0,0,0,0.4126888037721031,0.22774753141919907
3522,6802,0.08524053745639301,1,0,cross_race,0,0,0,0,0.4126888037721031,0.2380039416756093
2930,6806,2.090529022898213,1,0,cross_race,0,1,1,0,0.11262499487706035,0.0
2215,3870,0.3979009259098221,1,0,cross_race,0,1,1,0,0.02457670799529288,0.05267716957372115
4187,5769,0.0,1,0,cross_race,0,0,0,0,0.17577476125068614,0.0010898991541923309
1420,4895,0.0,0,1,cross_race,0,0,0,0,0.25440314437516454,0.42908800647165835
1420,5627,0.255721612369179,0,1,cross_race,0,0,0,0,0.25440314437516454,0.4653905657010469
657,4624,0.20510962733674365,1,0,cross_race,0,0,0,0,0.011995765984947893,0.1701272864851875
4238,6247,0.26670912269668773,0,1,cross_race,0,0,0,0,0.45779298602328067,0.2797959051096499
4238,7026,0.8524053745639302,0,1,cross_race,0,0,0,0,0.45779298602328067,0.1940266743404192
3439,4903,0.08524053745639304,1,0,cross_race,0,0,0,0,0.33672784780834314,0.15508281799696466
6057,6232,0.0,0,1,cross_race,0,0,0,0,0.21941054151134476,0.39409540360783857
6057,6766,0.20510962733674365,0,1,cross_race,0,0,0,0,0.21941054151134476,0.34458249490827325
1579,2493,0.0,0,1,cross_race,0,0,0,0,0.2907057036045531,0.4653905657010469
1579,2544,0.08524053745639304,0,1,cross_race,0,0,0,0,0.2907057036045531,0.42908800647165835
1680,6850,0.0,0,1,cross_race,0,1,1,0,0.0,0.1735525390284639
1680,5374,0.0,0,1,cross_race,0,1,1,0,0.0,0.1735525390284639
1680,2799,0.0,0,1,cross_race,0,1,1,0,0.0,0.1735525390284639
1680,3103,0.0,0,1,cross_race,0,1,1,0,0.0,0.1735525390284639
4556,6458,0.41898184463139465,0,1,cross_race,0,0,0,0,0.2956551985540481,0.4871296238950115
5129,6578,0.17048107491278608,0,1,cross_race,0,0,0,0,0.35922680083385544,0.5088403371658271
1632,6850,0.0,0,1,cross_race,0,1,1,0,0.0,0.1735525390284639
1632,5374,0.0,0,1,cross_race,0,1,1,0,0.0,0.1735525390284639
1632,2799,0.0,0,1,cross_race,0,1,1,0,0.0,0.1735525390284639
1632,3103,0.0,0,1,cross_race,0,1,1,0,0.0,0.1735525390284639
819,2625,0.26670912269668773,1,0,cross_race,1,0,0,1,0.1735525390284639,0.09313496674119603
819,2155,0.26670912269668773,1,0,cross_race,0,1,1,0,0.1735525390284639,0.1231643024083432
5166,6008,0.17048107491278608,1,0,cross_race,0,1,1,0,0.05210967636972941,0.0669411282684359
2067,3266,0.0,1,0,cross_race,0,0,0,0,0.1848656703415953,0.01018080824510148
2067,3784,0.0,1,0,cross_race,0,0,0,0,0.1848656703415953,0.01018080824510148
248,1813,0.2667091226966877,0,1,cross_race,0,1,1,0,0.0,0.17577476125068614
248,5142,0.34096214982557205,0,1,cross_race,0,1,1,0,0.0,0.06954798235045645
248,2822,0.5915476037913093,0,1,cross_race,1,1,0,0,0.0,0.35260641774628515
248,2150,0.5966837621947512,0,1,cross_race,0,1,1,0,0.0,0.05038823662012071
5483,6265,0.2051096273367436,0,1,cross_race,0,0,0,0,0.15508281799696466,0.3258391086648871
5483,6788,0.20510962733674365,0,1,cross_race,0,0,0,0,0.15508281799696466,0.4024323935156929
1299,3489,0.08524053745639293,1,0,cross_race,0,0,0,0,0.1820299739279172,0.0010898991541923309
192,5956,0.0,1,0,cross_race,0,0,0,0,0.3767067491305765,0.2020218870340827
192,4082,0.08524053745639304,1,0,cross_race,0,0,0,0,0.3767067491305765,0.22774753141919907
192,2273,0.2051096273367436,1,0,cross_race,0,0,0,0,0.3767067491305765,0.22774753141919907
2877,6523,0.08524053745639304,1,0,cross_race,0,0,0,0,0.42908800647165835,0.25440314437516454
1187,6265,0.22211688016013686,0,1,cross_race,0,0,0,0,0.09313496674119603,0.3258391086648871
1187,4197,0.4729891012196648,0,1,cross_race,0,0,0,0,0.09313496674119603,0.3732620702745052
4998,6247,0.6663506404804106,0,1,cross_race,0,0,0,0,0.37580772438570587,0.2797959051096499
4998,7026,1.0234547831894163,0,1,cross_race,0,0,0,0,0.37580772438570587,0.1940266743404192
5082,6068,0.0,1,0,cross_race,0,0,0,0,0.26781982883768984,0.09313496674119603
5082,7053,0.0,1,0,cross_race,0,0,0,0,0.26781982883768984,0.09313496674119603
2514,3295,0.0,1,0,cross_race,0,0,0,0,0.4024323935156929,0.22774753141919907
3340,5237,3.116607187507274,1,0,cross_race,0,0,0,0,0.07421575768429045,0.2559968077295771
5333,5752,0.0,1,0,cross_race,0,0,0,0,0.4126888037721031,0.2380039416756093
5333,6057,0.2051096273367436,1,0,cross_race,0,0,0,0,0.4126888037721031,0.21941054151134476
5250,6885,0.17048107491278608,1,0,cross_race,0,0,0,0,0.2971955300213084,0.15115424656839327
508,1966,0.22211688016013684,0,1,cross_race,0,0,0,0,0.25440314437516454,0.4024323935156929
508,1434,0.255721612369179,0,1,cross_race,0,0,0,0,0.25440314437516454,0.4024323935156929
5425,6159,0.08524053745639304,1,0,cross_race,0,0,0,0,0.26781982883768984,0.09313496674119603
1724,4998,1.0432481237698445,1,0,cross_race,0,0,0,0,0.29646257177631674,0.37580772438570587
1724,4238,1.1269495899975603,1,0,cross_race,0,0,0,0,0.29646257177631674,0.45779298602328067
4247,6578,0.08524053745639315,0,1,cross_race,0,0,0,0,0.3341554750693333,0.5088403371658271
4247,6458,0.34096214982557194,0,1,cross_race,0,0,0,0,0.3341554750693333,0.4871296238950115
5936,6634,0.22211688016013686,0,1,cross_race,0,0,0,0,0.2559968077295771,0.056468844104043625
4692,5363,0.2667091226966877,1,0,cross_race,0,0,0,0,0.42908800647165835,0.2680616809605304
561,5229,4.528046963001531,1,0,cross_race,0,0,0,0,0.14961951590484135,0.2808589821241074
561,5237,10.230111280218049,1,0,cross_race,0,0,0,0,0.14961951590484135,0.2559968077295771
432,4834,0.17048107491278597,1,0,cross_race,0,1,1,0,0.05210967636972941,0.0669411282684359
432,2476,0.17048107491278608,1,0,cross_race,0,1,1,0,0.05210967636972941,0.17046611927537747
2649,4804,0.34096214982557205,0,1,cross_race,0,0,0,0,0.30858410417080095,0.1297356470418275
2649,5699,0.34096214982557205,0,1,cross_race,0,0,0,0,0.30858410417080095,0.1297356470418275
2649,4140,0.6556325259134438,0,1,cross_race,0,0,0,0,0.30858410417080095,0.16545524576899073
1327,6375,2.074829644223126,0,1,cross_race,0,0,0,0,0.054631103110962254,0.3258391086648871
1327,4745,2.084943167516391,0,1,cross_race,0,0,0,0,0.054631103110962254,0.3515426626231579
1327,1861,2.084943167516391,0,1,cross_race,0,0,0,0,0.054631103110962254,0.3515426626231579
1327,6532,2.084943167516391,0,1,cross_race,0,0,0,0,0.054631103110962254,0.3515426626231579
1020,3833,0.17048107491278602,1,0,cross_race,0,0,0,0,0.12501927934943635,0.3112969080848501
3969,6295,0.0,1,0,cross_race,0,0,0,0,0.3258391086648871,0.15115424656839327
232,5352,0.08524053745639304,1,0,cross_race,0,0,0,0,0.4653905657010469,0.25440314437516454
232,3808,0.08524053745639304,1,0,cross_race,0,0,0,0,0.4653905657010469,0.25440314437516454
232,2602,0.08524053745639304,1,0,cross_race,0,0,0,0,0.4653905657010469,0.2907057036045531
232,4516,0.17048107491278608,1,0,cross_race,0,0,0,0,0.4653905657010469,0.25440314437516454
232,4392,0.17048107491278608,1,0,cross_race,0,0,0,0,0.4653905657010469,0.25440314437516454
4672,5333,0.17048107491278597,0,1,cross_race,0,0,0,0,0.22774753141919907,0.4126888037721031
4672,5907,0.17048107491278608,0,1,cross_race,0,0,0,0,0.22774753141919907,0.39409540360783857
2932,4998,0.9459782024393297,1,0,cross_race,0,0,0,0,0.1391481653450387,0.37580772438570587
2932,4238,1.1232369451338928,1,0,cross_race,0,0,0,0,0.1391481653450387,0.45779298602328067
754,6132,0.08524053745639293,1,0,cross_race,0,1,1,0,0.05210967636972941,0.13757871682275769
4369,4819,0.0,1,0,cross_race,0,0,0,0,0.42908800647165835,0.25440314437516454
3620,4231,0.20510962733674365,0,1,cross_race,0,0,0,0,0.23011981284851735,0.056468844104043625
3620,6658,0.41898184463139465,0,1,cross_race,0,1,1,0,0.23011981284851735,0.009716362700164849
5290,6664,0.0,0,1,cross_race,0,1,1,0,0.09959671224115552,0.07395582678730839
3569,5676,0.17048107491278602,0,1,cross_race,0,0,0,0,0.10262087055545804,0.26781982883768984
3569,5425,0.17048107491278602,0,1,cross_race,0,0,0,0,0.10262087055545804,0.26781982883768984
2847,6978,0.0,0,1,cross_race,0,0,0,0,0.0490304005429697,0.2237152626394635
2847,6855,0.0,0,1,cross_race,0,0,0,0,0.0490304005429697,0.2237152626394635
2847,5904,0.0,0,1,cross_race,0,0,0,0,0.0490304005429697,0.2237152626394635
3192,3266,0.08524053745639293,1,0,cross_race,1,0,0,1,0.2357787547029555,0.01018080824510148
1515,2155,0.2667091226966877,1,0,cross_race,0,1,1,0,0.03416750083416742,0.1231643024083432
2677,5503,0.0,0,1,cross_race,0,0,0,0,0.0659616174741866,0.24064647957068042
2677,7020,0.0,0,1,cross_race,0,0,0,0,0.0659616174741866,0.24064647957068042
4823,6195,0.0,1,0,cross_race,0,0,0,0,0.3258391086648871,0.15115424656839327
4823,5984,0.08524053745639304,1,0,cross_race,0,0,0,0,0.3258391086648871,0.16942260338615406
1222,5457,0.2221168801601368,1,0,cross_race,0,0,0,0,0.2292393545855737,0.09313496674119603
5719,7120,0.0,1,0,cross_race,0,0,0,0,0.4871296238950115,0.3124447617985177
238,5364,0.08524053745639304,0,1,cross_race,0,0,0,0,0.07221683015141761,0.2357787547029555
238,3317,0.08524053745639304,0,1,cross_race,0,0,0,0,0.07221683015141761,0.2357787547029555
238,3192,0.08524053745639304,0,1,cross_race,0,0,0,0,0.07221683015141761,0.2357787547029555
58,5613,0.17048107491278608,0,1,cross_race,0,0,0,0,0.0545544924890799,0.27442724807212737
58,2823,0.22211688016013692,0,1,cross_race,0,0,0,0,0.0545544924890799,0.27556393658179756
2855,3881,0.0,1,0,cross_race,0,0,0,0,0.17577476125068614,0.0010898991541923309
744,1668,0.0,1,0,cross_race,0,1,1,0,0.1735525390284639,0.0
205,2460,0.08524053745639293,1,0,cross_race,0,1,1,0,0.15389825889965048,0.0
237,1820,1.0396214587814476,1,0,cross_race,0,0,0,0,0.11453581485402498,0.23011981284851735
237,1105,1.4976904662616515,1,0,cross_race,0,0,0,0,0.11453581485402498,0.23011981284851735
237,539,2.1759531386458457,1,0,cross_race,0,0,0,0,0.11453581485402498,0.28026374402886933
237,7145,2.189017467401185,1,0,cross_race,0,0,0,0,0.11453581485402498,0.3353315339095154
4136,5099,0.17048107491278608,0,1,cross_race,0,1,1,0,0.1231643024083432,0.0734262376529099
2729,5807,0.22211688016013684,0,1,cross_race,0,0,0,0,0.16822348972459283,0.36850499474461157
2729,4355,0.3278162629567217,0,1,cross_race,0,0,0,0,0.16822348972459283,0.34290835182108664
1454,3312,0.5966837621947512,0,1,cross_race,0,0,0,0,0.1434101388242855,0.2109206498448506
1454,2578,2.1516553116608312,0,1,cross_race,1,0,0,1,0.1434101388242855,0.05210967636972941
1454,2121,2.2070166833942118,0,1,cross_race,1,0,0,1,0.1434101388242855,0.06524098950104251
1454,6681,2.2911901435315984,0,1,cross_race,1,1,0,0,0.1434101388242855,0.04540375232105032
1454,6114,2.308062327122109,0,1,cross_race,1,0,0,1,0.1434101388242855,0.07847628361868952
4517,4532,0.08524053745639298,1,0,cross_race,0,0,0,0,0.26781982883768984,0.09313496674119603
4517,6159,0.08524053745639304,1,0,cross_race,0,0,0,0,0.26781982883768984,0.09313496674119603
1400,3147,1.233606291070898,1,0,cross_race,0,0,0,0,0.056468844104043625,0.09231877798483723
2174,6765,0.08524053745639293,0,1,cross_race,0,0,0,0,0.40075519397884923,0.5669043619376849
5253,6182,0.0,1,0,cross_race,0,0,0,0,0.34290835182108664,0.16822348972459283
5678,5900,0.0,0,1,cross_race,0,0,0,0,0.31146915204242015,0.48615401413891396
872,4369,0.08524053745639304,0,1,cross_race,0,0,0,0,0.2380039416756093,0.42908800647165835
2940,4307,0.0,1,0,cross_race,0,0,0,0,0.17577476125068614,0.0010898991541923309
3682,6507,0.0,0,1,cross_race,0,0,0,0,0.22774753141919907,0.4024323935156929
2220,4077,0.0,0,1,cross_race,0,0,0,0,0.3124447617985177,0.4871296238950115
2220,4212,0.17048107491278608,0,1,cross_race,0,0,0,0,0.3124447617985177,0.4871296238950115
62,1044,0.17048107491278605,0,1,cross_race,0,0,0,0,0.15115424656839327,0.26781982883768984
62,2660,0.22211688016013684,0,1,cross_race,0,0,0,0,0.15115424656839327,0.3258391086648871
62,5156,0.3278162629567217,0,1,cross_race,0,0,0,0,0.15115424656839327,0.38222493298614546
2598,5250,0.08524053745639304,0,1,cross_race,0,0,0,0,0.1434101388242855,0.2971955300213084
2598,2806,0.08524053745639304,0,1,cross_race,0,0,0,0,0.1434101388242855,0.3258391086648871
4077,5262,0.08524053745639315,1,0,cross_race,0,0,0,0,0.4871296238950115,0.31146915204242015
4077,6519,0.17048107491278608,1,0,cross_race,0,0,0,0,0.4871296238950115,0.3124447617985177
3912,5613,0.2667091226966876,0,1,cross_race,0,0,0,0,0.06380003289277969,0.27442724807212737
3912,7088,0.3278162629567217,0,1,cross_race,1,0,0,1,0.06380003289277969,0.15420870278807608
2537,6765,0.08524053745639293,0,1,cross_race,0,0,0,0,0.391674394512035,0.5669043619376849
673,3034,0.0,1,0,cross_race,0,0,0,0,0.32976768009345847,0.15508281799696466
673,4903,0.0,1,0,cross_race,0,0,0,0,0.32976768009345847,0.15508281799696466
2135,4624,0.22211688016013675,1,0,cross_race,0,1,1,0,0.07932100170304168,0.1701272864851875
1637,1930,0.0,1,0,cross_race,0,0,0,0,0.1848656703415953,0.01018080824510148
1637,4902,0.0,1,0,cross_race,0,0,0,0,0.1848656703415953,0.01018080824510148
1678,2847,0.0,1,0,cross_race,0,0,0,0,0.2237152626394635,0.0490304005429697
3295,6696,0.0,0,1,cross_race,0,0,0,0,0.22774753141919907,0.4024323935156929
3295,6087,0.08524053745639293,0,1,cross_race,0,0,0,0,0.22774753141919907,0.4024323935156929
3295,4404,0.08524053745639304,0,1,cross_race,0,0,0,0,0.22774753141919907,0.4024323935156929
1149,6104,0.0,0,1,cross_race,0,0,0,0,0.215355220367416,0.3900400824639098
1149,5659,0.08524053745639298,0,1,cross_race,0,0,0,0,0.215355220367416,0.4024323935156929
2660,4510,0.17048107491278602,1,0,cross_race,0,0,0,0,0.3258391086648871,0.15115424656839327
2660,5956,0.20510962733674365,1,0,cross_race,0,0,0,0,0.3258391086648871,0.2020218870340827
700,3523,0.20510962733674354,1,0,cross_race,0,1,1,0,0.05910307390638647,0.13938503819429648
700,5542,0.25572161236917906,1,0,cross_race,0,1,1,0,0.05910307390638647,0.0031817937457687684
1219,6770,0.0,1,0,cross_race,0,0,0,0,0.27730573265195185,0.10262087055545804
527,6201,0.0,0,1,cross_race,0,0,0,0,0.10262087055545804,0.27730573265195185
527,6803,0.0,0,1,cross_race,0,0,0,0,0.10262087055545804,0.27730573265195185
527,1219,0.0,0,1,cross_race,0,0,0,0,0.10262087055545804,0.27730573265195185
2625,7189,0.22211688016013684,0,1,cross_race,0,0,0,0,0.09313496674119603,0.2971955300213084
2625,5310,0.22211688016013686,0,1,cross_race,1,0,0,1,0.09313496674119603,0.17577476125068614
129,1947,0.0,0,1,cross_race,0,0,0,0,0.15508281799696466,0.32976768009345847
129,6676,0.0,0,1,cross_race,0,0,0,0,0.15508281799696466,0.32976768009345847
129,2806,0.08524053745639304,0,1,cross_race,0,0,0,0,0.15508281799696466,0.3258391086648871
129,4267,0.08524053745639304,0,1,cross_race,0,0,0,0,0.15508281799696466,0.3258391086648871
2831,4224,0.08524053745639304,1,0,cross_race,0,1,1,0,0.1735525390284639,0.0
2831,3813,0.22211688016013684,1,0,cross_race,1,0,0,1,0.1735525390284639,0.09313496674119603
420,6119,0.0,0,1,cross_race,0,1,1,0,0.06607905930291869,0.10747347972554522
420,4463,0.0,0,1,cross_race,0,1,1,0,0.06607905930291869,0.10747347972554522
2833,7145,3.437612750376256,1,0,cross_race,0,0,0,0,0.1940266743404192,0.3353315339095154
1504,5719,0.17048107491278597,0,1,cross_race,0,0,0,0,0.31202688981018234,0.4871296238950115
1504,6184,0.17048107491278597,0,1,cross_race,0,0,0,0,0.31202688981018234,0.4871296238950115
6628,7053,0.0,1,0,cross_race,0,0,0,0,0.26781982883768984,0.09313496674119603
5613,6983,0.22211688016013692,1,0,cross_race,0,0,0,0,0.27442724807212737,0.15115424656839327
4113,5364,0.0,0,1,cross_race,0,0,0,0,0.0610938926064617,0.2357787547029555
4113,4721,0.0,0,1,cross_race,0,0,0,0,0.0610938926064617,0.2357787547029555
1169,6705,0.0,1,0,cross_race,0,0,0,0,0.4024323935156929,0.22774753141919907
3120,4688,0.17048107491278597,0,1,cross_race,0,0,0,0,0.20132013264811777,0.4024323935156929
3120,6766,0.17048107491278608,0,1,cross_race,0,0,0,0,0.20132013264811777,0.34458249490827325
2190,4638,0.0,1,0,cross_race,0,0,0,0,0.3258391086648871,0.15115424656839327
1196,2589,0.08524053745639298,0,1,cross_race,0,0,0,0,0.15508281799696466,0.3258391086648871
3133,6523,0.08524053745639304,1,0,cross_race,0,0,0,0,0.42908800647165835,0.25440314437516454
2044,6880,0.08524053745639304,1,0,cross_race,0,0,0,0,0.26781982883768984,0.09313496674119603
3658,6922,0.0,1,0,cross_race,0,1,1,0,0.0013622818220518917,0.172190257206412
3658,4286,0.0,1,0,cross_race,0,1,1,0,0.0013622818220518917,0.172190257206412
2029,4307,0.0,1,0,cross_race,0,0,0,0,0.17577476125068614,0.0010898991541923309
315,3509,0.08524053745639304,0,1,cross_race,0,0,0,0,0.2956551985540481,0.48615401413891396
1413,6254,0.7941107268639883,0,1,cross_race,1,0,0,1,0.11036497829956576,0.05620230044566321
1413,2346,0.9459782024393297,0,1,cross_race,1,1,0,0,0.11036497829956576,0.01226415094339628
1413,6709,0.9598175949390808,0,1,cross_race,1,0,0,1,0.11036497829956576,0.05038823662012071
3018,3034,0.0,1,0,cross_race,0,0,0,0,0.32976768009345847,0.15508281799696466
3018,4903,0.0,1,0,cross_race,0,0,0,0,0.32976768009345847,0.15508281799696466
4935,6644,0.0,1,0,cross_race,0,0,0,0,0.4126888037721031,0.2380039416756093
4935,6802,0.0,1,0,cross_race,0,0,0,0,0.4126888037721031,0.2380039416756093
4624,6246,0.08524053745639293,0,1,cross_race,0,1,1,0,0.1701272864851875,0.0013622818220518917
4624,5276,0.08524053745639304,0,1,cross_race,0,1,1,0,0.1701272864851875,0.049020253715089224
4305,4688,0.20510962733674365,0,1,cross_race,0,0,0,0,0.2380039416756093,0.4024323935156929
3668,4674,0.08524053745639293,0,1,cross_race,0,0,0,0,0.3124447617985177,0.4871296238950115
5274,5962,0.08524053745639304,0,1,cross_race,0,0,0,0,0.23011981284851735,0.048338762803230684
5274,6634,0.2667091226966877,0,1,cross_race,0,0,0,0,0.23011981284851735,0.056468844104043625
1441,3569,0.2051096273367436,1,0,cross_race,0,0,0,0,0.2484168437630629,0.10262087055545804
3610,4107,0.0,1,0,cross_race,0,0,0,0,0.4653905657010469,0.2907057036045531
1540,6858,0.26670912269668773,0,1,cross_race,0,0,0,0,0.3124447617985177,0.48615401413891396
4623,4758,0.22211688016013684,1,0,cross_race,0,0,0,0,0.0,0.1542453834894244
5997,6022,0.17048107491278586,0,1,cross_race,0,0,0,0,0.25440314437516454,0.42908800647165835
4914,5099,0.08524053745639293,0,1,cross_race,0,1,1,0,0.1214428626587345,0.0734262376529099
4405,6912,0.08524053745639304,0,1,cross_race,0,0,0,0,0.1297095798675333,0.26781982883768984
4405,7017,0.17048107491278597,0,1,cross_race,0,0,0,0,0.1297095798675333,0.3258391086648871
4463,6336,0.0,1,0,cross_race,0,1,1,0,0.10747347972554522,0.06607905930291869
2505,5290,0.08524053745639304,1,0,cross_race,0,1,1,0,0.10747347972554522,0.09959671224115552
2170,7133,0.22211688016013686,0,1,cross_race,0,0,0,0,0.2680616809605304,0.42908800647165835
1541,2081,0.20510962733674365,0,1,cross_race,0,0,0,0,0.0545544924890799,0.26781982883768984
69,5892,0.08524053745639293,1,0,cross_race,0,0,0,0,0.5664946355133218,0.39180977341682804
69,4765,0.08524053745639293,1,0,cross_race,0,0,0,0,0.5664946355133218,0.39180977341682804
69,2667,0.08524053745639293,1,0,cross_race,0,0,0,0,0.5664946355133218,0.39180977341682804
69,905,0.255721612369179,1,0,cross_race,0,0,0,0,0.5664946355133218,0.3766582582653129
3784,6177,0.0,0,1,cross_race,0,0,0,0,0.01018080824510148,0.1848656703415953
2294,2476,0.08524053745639304,1,0,cross_race,0,1,1,0,0.0013622818220518917,0.17046611927537747
4416,5769,0.0,1,0,cross_race,0,0,0,0,0.17577476125068614,0.0010898991541923309
3835,4790,0.0,1,0,cross_race,0,0,0,0,0.26781982883768984,0.09313496674119603
683,1169,0.08524053745639293,0,1,cross_race,0,0,0,0,0.22774753141919907,0.4024323935156929
683,4688,0.08524053745639315,0,1,cross_race,0,0,0,0,0.22774753141919907,0.4024323935156929
683,3105,0.17048107491278608,0,1,cross_race,0,0,0,0,0.22774753141919907,0.38078959626289893
1861,5725,0.17048107491278608,1,0,cross_race,0,0,0,0,0.3515426626231579,0.20607720817801145
2984,3789,0.0,0,1,cross_race,0,0,0,0,0.1768578005266641,0.3515426626231579
2984,6343,0.0,0,1,cross_race,0,0,0,0,0.1768578005266641,0.3515426626231579
905,5183,0.08524053745639315,0,1,cross_race,0,0,0,0,0.3766582582653129,0.5389621679808543
4923,5503,0.0,0,1,cross_race,0,0,0,0,0.0659616174741866,0.24064647957068042
4923,7020,0.0,0,1,cross_race,0,0,0,0,0.0659616174741866,0.24064647957068042
4585,6725,0.20510962733674362,1,0,cross_race,0,0,0,0,0.4024323935156929,0.25440314437516454
4837,6182,0.47298910121966486,1,0,cross_race,0,0,0,0,0.36756271373734206,0.16822348972459283
3147,4582,0.5915476037913093,0,1,cross_race,0,1,1,0,0.09231877798483723,0.16734001591938918
3147,6975,0.5915476037913093,0,1,cross_race,1,1,0,0,0.09231877798483723,0.31635320485062507
3147,5672,0.7485174438063078,0,1,cross_race,0,1,1,0,0.09231877798483723,0.1820299739279172
105,774,0.0,0,1,cross_race,0,0,0,0,0.22774753141919907,0.4024323935156929
105,6104,0.08524053745639298,0,1,cross_race,0,0,0,0,0.22774753141919907,0.3900400824639098
543,4117,0.0,1,0,cross_race,0,0,0,0,0.02208886799759513,0.2038699180428818
2291,3036,0.0,0,1,cross_race,0,0,0,0,0.15115424656839327,0.3258391086648871
2291,2874,0.08524053745639301,0,1,cross_race,0,0,0,0,0.15115424656839327,0.3258391086648871
461,3972,0.2667091226966876,1,0,cross_race,0,0,0,0,0.4024323935156929,0.20607720817801145
3175,5226,0.17048107491278608,1,0,cross_race,0,0,0,0,0.4024323935156929,0.22774753141919907
124,3833,0.6212049438484974,1,0,cross_race,0,0,0,0,0.16545524576899073,0.3112969080848501
3034,3859,0.0,0,1,cross_race,0,0,0,0,0.15508281799696466,0.32976768009345847
2737,4902,0.0,1,0,cross_race,0,0,0,0,0.1848656703415953,0.01018080824510148
2074,2190,0.0,0,1,cross_race,0,0,0,0,0.15115424656839327,0.3258391086648871
3145,5786,0.0,1,0,cross_race,0,0,0,0,0.3893383280779449,0.21465346598145107
3612,6676,0.08524053745639298,0,1,cross_race,0,0,0,0,0.16204298571184933,0.32976768009345847
3612,4267,0.17048107491278602,0,1,cross_race,0,0,0,0,0.16204298571184933,0.3258391086648871
1947,3612,0.08524053745639298,1,0,cross_race,0,0,0,0,0.32976768009345847,0.16204298571184933
3775,5008,0.08524053745639301,0,1,cross_race,0,0,0,0,0.22774753141919907,0.39409540360783857
1105,2930,0.8204385093469745,0,1,cross_race,0,1,1,0,0.23011981284851735,0.11262499487706035
1105,4231,2.115900670271485,0,1,cross_race,0,0,0,0,0.23011981284851735,0.056468844104043625
1241,6114,2.076579880903434,0,1,cross_race,0,1,1,0,0.172190257206412,0.07847628361868952
1241,5111,2.076579880903434,0,1,cross_race,0,1,1,0,0.172190257206412,0.07847628361868952
286,6523,0.0,1,0,cross_race,0,0,0,0,0.42908800647165835,0.25440314437516454
286,2261,0.08524053745639304,1,0,cross_race,0,0,0,0,0.42908800647165835,0.25440314437516454
3573,6730,2.076579880903434,0,1,cross_race,1,1,0,0,0.057085051034325596,0.2292393545855737
3573,4283,2.0866849213523198,0,1,cross_race,0,1,1,0,0.057085051034325596,0.17577476125068614
2351,2540,0.0,0,1,cross_race,0,0,0,0,0.15508281799696466,0.32976768009345847
5355,6009,0.0,1,0,cross_race,0,0,0,0,0.26781982883768984,0.09313496674119603
4745,5725,0.17048107491278608,1,0,cross_race,0,0,0,0,0.3515426626231579,0.20607720817801145
3669,4490,0.22211688016013686,0,1,cross_race,0,0,0,0,0.22774753141919907,0.4024323935156929
6736,6802,0.0,1,0,cross_race,0,0,0,0,0.4126888037721031,0.2380039416756093
143,5719,0.0,0,1,cross_race,0,0,0,0,0.3124447617985177,0.4871296238950115
2257,5008,0.0,0,1,cross_race,0,0,0,0,0.21941054151134476,0.39409540360783857
2257,3145,0.08524053745639301,0,1,cross_race,0,0,0,0,0.21941054151134476,0.3893383280779449
1953,6119,0.0,0,1,cross_race,0,1,1,0,0.06607905930291869,0.10747347972554522
1953,4463,0.0,0,1,cross_race,0,1,1,0,0.06607905930291869,0.10747347972554522
945,2081,0.20510962733674365,0,1,cross_race,0,0,0,0,0.0545544924890799,0.26781982883768984
1368,2248,0.2051096273367436,1,0,cross_race,0,0,0,0,0.38076207027450526,0.16596906138320805
1368,5226,0.20510962733674365,1,0,cross_race,0,0,0,0,0.38076207027450526,0.22774753141919907
2843,5290,0.08524053745639304,1,0,cross_race,0,1,1,0,0.06524098950104251,0.09959671224115552
2776,3523,0.17048107491278602,1,0,cross_race,0,0,0,0,0.0,0.13938503819429648
1472,2575,0.0,0,1,cross_race,0,0,0,0,0.09313496674119603,0.26781982883768984
1472,2551,0.0,0,1,cross_race,0,0,0,0,0.09313496674119603,0.26781982883768984
1472,7079,0.08524053745639293,0,1,cross_race,0,0,0,0,0.09313496674119603,0.26781982883768984
1472,5642,0.08524053745639293,0,1,cross_race,0,0,0,0,0.09313496674119603,0.26781982883768984
3600,6941,1.2459130001520609,0,1,cross_race,1,0,0,1,0.2680616809605304,0.1820299739279172
960,6328,0.0,1,0,cross_race,0,0,0,0,0.32976768009345847,0.15508281799696466
960,2351,0.0,1,0,cross_race,0,0,0,0,0.32976768009345847,0.15508281799696466
960,4903,0.08524053745639293,1,0,cross_race,0,0,0,0,0.32976768009345847,0.15508281799696466
2115,6287,0.0,1,0,cross_race,0,0,0,0,0.4871296238950115,0.3124447617985177
2115,6554,0.17048107491278608,1,0,cross_race,0,0,0,0,0.4871296238950115,0.2956551985540481
2115,2652,0.22211688016013686,1,0,cross_race,0,0,0,0,0.4871296238950115,0.2907057036045531
3607,5719,0.0,0,1,cross_race,0,0,0,0,0.3124447617985177,0.4871296238950115
5457,7094,0.08524053745639304,0,1,cross_race,0,0,0,0,0.09313496674119603,0.26781982883768984
5457,6912,0.08524053745639304,0,1,cross_race,0,0,0,0,0.09313496674119603,0.26781982883768984
2202,6983,0.20510962733674354,1,0,cross_race,0,0,0,0,0.345171220605775,0.15115424656839327
2202,3972,0.255721612369179,1,0,cross_race,0,0,0,0,0.345171220605775,0.20607720817801145
2709,4117,0.0,1,0,cross_race,0,0,0,0,0.02208886799759513,0.2038699180428818
5340,6850,0.0,0,1,cross_race,0,1,1,0,0.0,0.1735525390284639
5340,5374,0.0,0,1,cross_race,0,1,1,0,0.0,0.1735525390284639
766,5626,0.17048107491278608,1,0,cross_race,0,0,0,0,0.048338762803230684,0.2382498941493303
3572,4823,0.0,0,1,cross_race,0,0,0,0,0.15115424656839327,0.3258391086648871
3572,4298,0.08524053745639304,0,1,cross_race,0,0,0,0,0.15115424656839327,0.34410746548264787
2480,5250,0.08524053745639304,0,1,cross_race,0,0,0,0,0.1434101388242855,0.2971955300213084
2480,2806,0.08524053745639304,0,1,cross_race,0,0,0,0,0.1434101388242855,0.3258391086648871
1221,3594,0.0,1,0,cross_race,0,1,1,0,0.15495926685721018,0.018593272171253727
2492,6075,0.08524053745639301,0,1,cross_race,0,0,0,0,0.16989763281177944,0.32976768009345847
2492,2580,0.17048107491278605,0,1,cross_race,0,0,0,0,0.16989763281177944,0.3760049947446116
2492,3036,0.2051096273367436,0,1,cross_race,0,0,0,0,0.16989763281177944,0.3258391086648871
1968,4674,0.2051096273367436,0,1,cross_race,0,0,0,0,0.3023474685958727,0.4871296238950115
2222,4077,0.0,0,1,cross_race,0,0,0,0,0.3124447617985177,0.4871296238950115
2222,4212,0.17048107491278608,0,1,cross_race,0,0,0,0,0.3124447617985177,0.4871296238950115
5108,7212,0.7485174438063079,0,1,cross_race,1,1,0,0,0.07567295746824543,0.3537970909645428
6287,7006,0.08524053745639304,0,1,cross_race,0,0,0,0,0.3124447617985177,0.48615401413891396
6287,6458,0.17048107491278608,0,1,cross_race,0,0,0,0,0.3124447617985177,0.4871296238950115
4047,5023,0.08524053745639304,0,1,cross_race,0,0,0,0,0.28026374402886933,0.09848269398358267
4047,4231,1.029084510563297,0,1,cross_race,0,0,0,0,0.28026374402886933,0.056468844104043625
2838,4369,0.0,0,1,cross_race,0,0,0,0,0.25440314437516454,0.42908800647165835
2838,4334,0.17048107491278597,0,1,cross_race,0,0,0,0,0.25440314437516454,0.42908800647165835
6664,6954,0.08524053745639304,1,0,cross_race,0,1,1,0,0.07395582678730839,0.06607905930291869
4510,7189,0.08524053745639301,0,1,cross_race,0,0,0,0,0.15115424656839327,0.2971955300213084
4510,6241,0.22211688016013686,0,1,cross_race,0,0,0,0,0.15115424656839327,0.3735149961514093
2391,3870,0.22211688016013692,1,0,cross_race,0,1,1,0,0.042882338120433294,0.05267716957372115
2823,6983,0.17048107491278608,1,0,cross_race,0,0,0,0,0.27556393658179756,0.15115424656839327
2080,2720,0.17048107491278586,0,1,cross_race,0,0,0,0,0.31146915204242015,0.4871296238950115
2080,4212,0.20510962733674365,0,1,cross_race,0,0,0,0,0.31146915204242015,0.4871296238950115
6770,6803,0.0,0,1,cross_race,0,0,0,0,0.10262087055545804,0.27730573265195185
1545,4412,0.08524053745639304,1,0,cross_race,0,0,0,0,0.4024323935156929,0.2380039416756093
180,5900,0.22211688016013684,0,1,cross_race,0,0,0,0,0.3341554750693333,0.48615401413891396
2522,5900,0.08524053745639293,0,1,cross_race,0,0,0,0,0.3124447617985177,0.48615401413891396
2522,4674,0.08524053745639293,0,1,cross_race,0,0,0,0,0.3124447617985177,0.4871296238950115
3952,4424,0.17048107491278602,1,0,cross_race,0,0,0,0,0.26781982883768984,0.09313496674119603
2942,6477,2.779206787126586,1,0,cross_race,0,0,0,0,0.12501927934943635,0.2382498941493303
2942,5578,2.9595407478853524,1,0,cross_race,0,0,0,0,0.12501927934943635,0.23011981284851735
2392,6922,0.0,1,0,cross_race,0,1,1,0,0.0013622818220518917,0.172190257206412
2392,4286,0.0,1,0,cross_race,0,1,1,0,0.0013622818220518917,0.172190257206412
2663,3658,0.17048107491278597,0,1,cross_race,0,1,1,0,0.1231643024083432,0.0013622818220518917
2652,7006,0.20510962733674365,0,1,cross_race,0,0,0,0,0.2907057036045531,0.48615401413891396
2262,5250,0.08524053745639304,0,1,cross_race,0,0,0,0,0.1434101388242855,0.2971955300213084
2262,2806,0.08524053745639304,0,1,cross_race,0,0,0,0,0.1434101388242855,0.3258391086648871
4691,5226,0.20510962733674365,1,0,cross_race,0,0,0,0,0.38076207027450526,0.22774753141919907
946,6201,0.0,0,1,cross_race,0,0,0,0,0.10262087055545804,0.27730573265195185
946,6803,0.0,0,1,cross_race,0,0,0,0,0.10262087055545804,0.27730573265195185
946,1219,0.0,0,1,cross_race,0,0,0,0,0.10262087055545804,0.27730573265195185
1001,5069,0.0,0,1,cross_race,0,0,0,0,0.03042203490834644,0.20510689700484025
1001,6846,0.08524053745639304,0,1,cross_race,0,0,0,0,0.03042203490834644,0.2292393545855737
1001,3258,0.17048107491278597,0,1,cross_race,1,0,0,1,0.03042203490834644,0.1735525390284639
1001,4699,0.22211688016013675,0,1,cross_race,1,0,0,1,0.03042203490834644,0.13400668258605575
4674,6841,0.08524053745639293,1,0,cross_race,0,0,0,0,0.4871296238950115,0.3124447617985177
4674,6053,0.08524053745639293,1,0,cross_race,0,0,0,0,0.4871296238950115,0.3124447617985177
6554,7006,0.08524053745639304,0,1,cross_race,0,0,0,0,0.2956551985540481,0.48615401413891396
4045,4851,0.20510962733674365,0,1,cross_race,1,0,0,1,0.0,0.26156461616045873
625,1502,0.6556325259134435,1,0,cross_race,0,0,0,0,0.005037643011234549,0.1868186930565212
2169,2391,0.22211688016013684,0,1,cross_race,0,1,1,0,0.11091205015609107,0.042882338120433294
2169,2215,0.26670912269668773,0,1,cross_race,0,1,1,0,0.11091205015609107,0.02457670799529288
2224,4776,0.0,0,1,cross_race,0,0,0,0,0.19540748281073483,0.013626432765448171
2224,2294,0.17048107491278597,0,1,cross_race,0,1,1,0,0.19540748281073483,0.0013622818220518917
2224,5216,0.17048107491278597,0,1,cross_race,0,1,1,0,0.19540748281073483,0.0013622818220518917
3355,6850,0.0,0,1,cross_race,0,1,1,0,0.0,0.1735525390284639
3355,5374,0.0,0,1,cross_race,0,1,1,0,0.0,0.1735525390284639
235,6833,0.08524053745639293,1,0,cross_race,0,0,0,0,0.48615401413891396,0.31146915204242015
235,3884,0.17048107491278586,1,0,cross_race,0,0,0,0,0.48615401413891396,0.31146915204242015
235,2259,0.255721612369179,1,0,cross_race,0,0,0,0,0.48615401413891396,0.2956551985540481
235,6829,0.255721612369179,1,0,cross_race,0,0,0,0,0.48615401413891396,0.2956551985540481
3653,6477,0.4442337603202737,1,0,cross_race,0,0,0,0,0.056468844104043625,0.2382498941493303
3653,5578,0.7034805048113534,1,0,cross_race,0,0,0,0,0.056468844104043625,0.23011981284851735
4532,5676,0.08524053745639298,0,1,cross_race,0,0,0,0,0.09313496674119603,0.26781982883768984
4532,5425,0.08524053745639298,0,1,cross_race,0,0,0,0,0.09313496674119603,0.26781982883768984
833,4998,2.452363540877165,1,0,cross_race,0,0,0,0,0.1791014591334581,0.37580772438570587
833,4238,2.515720326816112,1,0,cross_race,0,0,0,0,0.1791014591334581,0.45779298602328067
1389,2720,0.32781626295672184,0,1,cross_race,0,0,0,0,0.3124447617985177,0.4871296238950115
1930,5197,0.0,0,1,cross_race,0,0,0,0,0.01018080824510148,0.1848656703415953
1930,2172,0.0,0,1,cross_race,0,0,0,0,0.01018080824510148,0.1848656703415953
1930,2737,0.0,0,1,cross_race,0,0,0,0,0.01018080824510148,0.1848656703415953
2511,4375,0.17048107491278597,1,0,cross_race,0,0,0,0,0.26156461616045873,0.0490304005429697
1254,5705,0.0,1,0,cross_race,0,1,1,0,0.1735525390284639,0.0
6670,7145,2.3493604614820214,1,0,cross_race,0,0,0,0,0.12501927934943635,0.3353315339095154
106,1286,0.0,0,1,cross_race,0,0,0,0,0.25440314437516454,0.42908800647165835
106,602,0.08524053745639298,0,1,cross_race,0,0,0,0,0.25440314437516454,0.4197897608576233
5009,6765,0.08524053745639293,0,1,cross_race,0,0,0,0,0.391674394512035,0.5669043619376849
4492,5197,0.0,0,1,cross_race,0,0,0,0,0.01018080824510148,0.1848656703415953
4095,6705,0.17048107491278608,1,0,cross_race,0,0,0,0,0.4126888037721031,0.22774753141919907
4095,5997,0.22211688016013684,1,0,cross_race,0,0,0,0,0.4126888037721031,0.25440314437516454
821,5204,0.0,0,1,cross_race,0,0,0,0,0.21941054151134476,0.39409540360783857
821,3522,0.20510962733674365,0,1,cross_race,0,0,0,0,0.21941054151134476,0.4126888037721031
222,5372,0.0,1,0,cross_race,0,0,0,0,0.4703400606505419,0.2956551985540481
222,6659,0.08524053745639293,1,0,cross_race,0,0,0,0,0.4703400606505419,0.2956551985540481
222,6829,0.08524053745639293,1,0,cross_race,0,0,0,0,0.4703400606505419,0.2956551985540481
222,2259,0.08524053745639293,1,0,cross_race,0,0,0,0,0.4703400606505419,0.2956551985540481
5363,5407,0.17048107491278605,0,1,cross_race,0,0,0,0,0.2680616809605304,0.42908800647165835
5111,5993,0.0,1,0,cross_race,0,1,1,0,0.07847628361868952,0.09507625540977438
1979,6008,0.0,1,0,cross_race,0,1,1,0,0.106611410760028,0.0669411282684359
4699,4732,0.20510962733674354,1,0,cross_race,0,0,0,0,0.13400668258605575,0.0010898991541923309
2771,3015,0.2667091226966877,0,1,cross_race,0,0,0,0,0.21159652252918626,0.02955016413930789
2771,4353,1.9417227352863864,0,1,cross_race,0,0,0,0,0.21159652252918626,0.03275048296607996
2771,7116,1.9450689815661668,0,1,cross_race,0,1,1,0,0.21159652252918626,0.0013622818220518917
4936,7120,0.17048107491278597,1,0,cross_race,0,0,0,0,0.48671175190667615,0.3124447617985177
44,2500,0.08524053745639304,1,0,cross_race,0,0,0,0,0.3258391086648871,0.09313496674119603
3231,4136,0.08524053745639315,1,0,cross_race,0,1,1,0,0.05210967636972941,0.1231643024083432
3833,4232,0.3278162629567218,0,1,cross_race,0,0,0,0,0.3112969080848501,0.12501927934943635
3833,4038,0.3278162629567218,0,1,cross_race,0,0,0,0,0.3112969080848501,0.12501927934943635
1298,1966,0.3278162629567217,0,1,cross_race,0,0,0,0,0.25440314437516454,0.4024323935156929
715,1953,0.0,1,0,cross_race,0,1,1,0,0.10747347972554522,0.06607905930291869
715,6336,0.0,1,0,cross_race,0,1,1,0,0.10747347972554522,0.06607905930291869
138,7204,0.08524053745639298,0,1,cross_race,0,0,0,0,0.1434101388242855,0.27730573265195185
138,2933,0.17048107491278608,0,1,cross_race,0,0,0,0,0.1434101388242855,0.3258391086648871
3546,5226,0.0,1,0,cross_race,0,0,0,0,0.4024323935156929,0.22774753141919907
3546,6867,0.08524053745639301,1,0,cross_race,0,0,0,0,0.4024323935156929,0.2380039416756093
3546,4120,0.08524053745639301,1,0,cross_race,0,0,0,0,0.4024323935156929,0.2380039416756093
1269,6850,0.0,0,1,cross_race,0,1,1,0,0.0,0.1735525390284639
1269,5374,0.0,0,1,cross_race,0,1,1,0,0.0,0.1735525390284639
1269,2799,0.0,0,1,cross_race,0,1,1,0,0.0,0.1735525390284639
1269,3103,0.0,0,1,cross_race,0,1,1,0,0.0,0.1735525390284639
2667,5183,0.25572161236917923,0,1,cross_race,0,0,0,0,0.39180977341682804,0.5389621679808543
20,1502,0.7671648371075372,1,0,cross_race,0,1,1,0,0.1463406660347164,0.1868186930565212
20,3912,1.0144707288465096,1,0,cross_race,1,0,0,1,0.1463406660347164,0.06380003289277969
4943,6201,0.0,0,1,cross_race,0,0,0,0,0.10262087055545804,0.27730573265195185
4943,6803,0.0,0,1,cross_race,0,0,0,0,0.10262087055545804,0.27730573265195185
1876,1887,0.0,1,0,cross_race,0,0,0,0,0.26781982883768984,0.09313496674119603
3741,3926,0.08524053745639301,1,0,cross_race,0,1,1,0,0.06082451365599528,0.11444946512207743
3741,5705,0.22211688016013686,1,0,cross_race,0,1,1,0,0.06082451365599528,0.0
2121,5993,0.3278162629567218,1,0,cross_race,0,1,1,0,0.06524098950104251,0.09507625540977438
3859,4903,0.0,1,0,cross_race,0,0,0,0,0.32976768009345847,0.15508281799696466
1434,7038,0.08524053745639315,1,0,cross_race,0,0,0,0,0.4024323935156929,0.25440314437516454
1434,7155,0.17048107491278608,1,0,cross_race,0,0,0,0,0.4024323935156929,0.25440314437516454
1434,5493,0.26670912269668773,1,0,cross_race,0,0,0,0,0.4024323935156929,0.19382013264811776
539,4722,1.506034250333269,0,1,cross_race,0,1,1,0,0.28026374402886933,0.05910307390638647
4317,6975,0.7671648371075372,0,1,cross_race,0,0,0,0,0.2144141980858657,0.31635320485062507
4450,4692,0.17048107491278602,0,1,cross_race,0,0,0,0,0.25440314437516454,0.42908800647165835
4450,5407,0.2667091226966877,0,1,cross_race,0,0,0,0,0.25440314437516454,0.42908800647165835
4450,5010,0.41021925467348724,0,1,cross_race,0,0,0,0,0.25440314437516454,0.4703400606505419
276,3835,0.0,0,1,cross_race,0,0,0,0,0.09313496674119603,0.26781982883768984
276,3543,0.0,0,1,cross_race,0,0,0,0,0.09313496674119603,0.26781982883768984
1610,2291,0.08524053745639301,1,0,cross_race,0,0,0,0,0.3258391086648871,0.15115424656839327
3010,5515,0.08524053745639304,1,0,cross_race,0,0,0,0,0.0,0.17046611927537747
2460,5449,0.0,0,1,cross_race,0,1,1,0,0.0,0.1735525390284639
2460,5980,0.08524053745639293,0,1,cross_race,0,1,1,0,0.0,0.15389825889965048
2460,2841,0.08524053745639293,0,1,cross_race,0,1,1,0,0.0,0.15389825889965048
4713,6008,0.0,1,0,cross_race,0,1,1,0,0.106611410760028,0.0669411282684359
947,1861,1.9361015812840199,0,1,cross_race,0,0,0,0,0.15508281799696466,0.3515426626231579
947,6532,1.9361015812840199,0,1,cross_race,0,0,0,0,0.15508281799696466,0.3515426626231579
947,4745,1.9361015812840199,0,1,cross_race,0,0,0,0,0.15508281799696466,0.3515426626231579
947,1175,1.9417227352863864,0,1,cross_race,0,0,0,0,0.15508281799696466,0.3662505664032267
947,6375,1.9469358726667656,0,1,cross_race,0,0,0,0,0.15508281799696466,0.3258391086648871
2497,6765,0.08524053745639293,0,1,cross_race,0,0,0,0,0.391674394512035,0.5669043619376849
1152,4490,0.0,0,1,cross_race,0,0,0,0,0.22774753141919907,0.4024323935156929
1152,2253,0.0,0,1,cross_race,0,0,0,0,0.22774753141919907,0.4024323935156929
1152,6087,0.08524053745639304,0,1,cross_race,0,0,0,0,0.22774753141919907,0.4024323935156929
3327,7109,0.17048107491278602,0,1,cross_race,0,0,0,0,0.15115424656839327,0.27556393658179756
3868,5237,3.3041752791915253,1,0,cross_race,0,0,0,0,0.01819437446059624,0.2559968077295771
602,6316,0.20510962733674365,1,0,cross_race,0,0,0,0,0.4197897608576233,0.25440314437516454
1462,7212,0.8593677272577661,0,1,cross_race,1,1,0,0,0.11444946512207743,0.3537970909645428
4412,4490,0.08524053745639304,0,1,cross_race,0,0,0,0,0.2380039416756093,0.4024323935156929
179,4909,1.3335456134834387,0,1,cross_race,0,0,0,0,0.5039573884436999,0.48615401413891396
179,6765,1.3791856151530262,0,1,cross_race,0,0,0,0,0.5039573884436999,0.5669043619376849
179,1675,1.4490891367586811,0,1,cross_race,0,0,0,0,0.5039573884436999,0.5348558663196606
537,5786,0.0,1,0,cross_race,0,0,0,0,0.3893383280779449,0.21465346598145107
537,2257,0.08524053745639301,1,0,cross_race,0,0,0,0,0.3893383280779449,0.21941054151134476
3523,5685,0.08524053745639301,0,1,cross_race,0,0,0,0,0.13938503819429648,0.0
3523,3818,0.17048107491278602,0,1,cross_race,0,1,1,0,0.13938503819429648,0.05910307390638647
2493,6617,0.0,1,0,cross_race,0,0,0,0,0.4653905657010469,0.2907057036045531
2493,6160,0.0,1,0,cross_race,0,0,0,0,0.4653905657010469,0.2907057036045531
1675,5009,0.20510962733674365,1,0,cross_race,0,0,0,0,0.5348558663196606,0.391674394512035
1675,2497,0.20510962733674365,1,0,cross_race,0,0,0,0,0.5348558663196606,0.391674394512035
1675,2537,0.20510962733674365,1,0,cross_race,0,0,0,0,0.5348558663196606,0.391674394512035
6089,7212,0.22211688016013684,0,1,cross_race,0,0,0,0,0.15115424656839327,0.3537970909645428
3268,6075,0.17048107491278602,0,1,cross_race,0,0,0,0,0.15115424656839327,0.32976768009345847
5956,6241,0.08524053745639301,0,1,cross_race,0,0,0,0,0.2020218870340827,0.3735149961514093
3530,6770,0.0,1,0,cross_race,0,0,0,0,0.27730573265195185,0.10262087055545804
2139,5859,0.0,1,0,cross_race,0,0,0,0,0.0,0.18178105004528666
2139,4286,0.08524053745639304,1,0,cross_race,0,0,0,0,0.0,0.172190257206412
99,4045,0.08524053745639293,1,0,cross_race,0,0,0,0,0.15495926685721018,0.0
99,6553,0.22211688016013684,1,0,cross_race,1,0,0,1,0.15495926685721018,0.08687975406396492
99,720,0.26670912269668773,1,0,cross_race,1,0,0,1,0.15495926685721018,0.09313496674119603
3526,5807,0.08524053745639298,0,1,cross_race,0,0,0,0,0.179112228868049,0.36850499474461157
3526,4355,0.08524053745639304,0,1,cross_race,0,0,0,0,0.179112228868049,0.34290835182108664
2085,5290,0.08524053745639304,1,0,cross_race,0,1,1,0,0.10747347972554522,0.09959671224115552
1556,6850,0.0,0,1,cross_race,0,1,1,0,0.0,0.1735525390284639
1556,5374,0.0,0,1,cross_race,0,1,1,0,0.0,0.1735525390284639
1556,2799,0.0,0,1,cross_race,0,1,1,0,0.0,0.1735525390284639
1556,3103,0.0,0,1,cross_race,0,1,1,0,0.0,0.1735525390284639
1383,5250,0.0,0,1,cross_race,0,0,0,0,0.12251066792481458,0.2971955300213084
3484,3990,0.20510962733674365,0,1,cross_race,1,0,0,1,0.0010898991541923309,0.24298984416781338
1601,6765,0.08524053745639293,0,1,cross_race,0,0,0,0,0.391674394512035,0.5669043619376849
442,1241,0.08524053745639315,1,0,cross_race,0,0,0,0,0.0013622818220520028,0.172190257206412
442,5993,2.074829644223126,1,0,cross_race,0,0,0,0,0.0013622818220520028,0.09507625540977438
360,6705,0.0,1,0,cross_race,0,0,0,0,0.4024323935156929,0.22774753141919907
360,683,0.08524053745639293,1,0,cross_race,0,0,0,0,0.4024323935156929,0.22774753141919907
3258,4732,0.08524053745639293,1,0,cross_race,0,0,0,0,0.1735525390284639,0.0010898991541923309
3258,5542,0.17048107491278608,1,0,cross_race,0,1,1,0,0.1735525390284639,0.0031817937457687684
3543,4790,0.0,1,0,cross_race,0,0,0,0,0.26781982883768984,0.09313496674119603
5578,6529,0.3278162629567218,0,1,cross_race,0,0,0,0,0.23011981284851735,0.048338762803230684
5578,6658,2.1026586123669095,0,1,cross_race,0,1,1,0,0.23011981284851735,0.009716362700164849
1776,1816,0.08524053745639315,1,0,cross_race,0,0,0,0,0.5159399042653943,0.3412550421689004
1776,4181,0.08524053745639315,1,0,cross_race,0,0,0,0,0.5159399042653943,0.3412550421689004
1776,2882,0.17048107491278608,1,0,cross_race,0,0,0,0,0.5159399042653943,0.35922680083385544
1776,7005,0.17048107491278608,1,0,cross_race,0,0,0,0,0.5159399042653943,0.35922680083385544
5725,6788,0.08524053745639304,0,1,cross_race,0,0,0,0,0.20607720817801145,0.4024323935156929
5725,6532,0.17048107491278608,0,1,cross_race,0,0,0,0,0.20607720817801145,0.3515426626231579
4286,5036,0.0,0,1,cross_race,0,1,1,0,0.172190257206412,0.0013622818220518917
102,4670,0.17048107491278602,0,1,cross_race,0,0,0,0,0.25440314437516454,0.42908800647165835
102,7133,0.20510962733674365,0,1,cross_race,0,0,0,0,0.25440314437516454,0.42908800647165835
1403,1890,0.08524053745639304,0,1,cross_race,1,0,0,1,0.0490304005429697,0.17577476125068614
1403,5621,0.08524053745639304,0,1,cross_race,0,0,0,0,0.0490304005429697,0.2357787547029555
1403,4187,0.08524053745639304,0,1,cross_race,1,0,0,1,0.0490304005429697,0.17577476125068614
4932,6008,0.0,1,0,cross_race,0,1,1,0,0.106611410760028,0.0669411282684359
4776,6132,0.20510962733674365,1,0,cross_race,0,0,0,0,0.013626432765448171,0.13757871682275769
329,2044,0.0,0,1,cross_race,0,0,0,0,0.09313496674119603,0.26781982883768984
329,2511,0.08524053745639304,0,1,cross_race,0,0,0,0,0.09313496674119603,0.26156461616045873
329,1949,0.17048107491278597,0,1,cross_race,0,0,0,0,0.09313496674119603,0.2357787547029555
329,5621,0.17048107491278597,0,1,cross_race,0,0,0,0,0.09313496674119603,0.2357787547029555
735,906,0.0,1,0,cross_race,0,0,0,0,0.24064647957068042,0.0659616174741866
735,2677,0.0,1,0,cross_race,0,0,0,0,0.24064647957068042,0.0659616174741866
2155,5189,0.20510962733674354,0,1,cross_race,0,1,1,0,0.1231643024083432,0.0013622818220518917
2155,4863,0.22211688016013686,0,1,cross_race,0,1,1,0,0.1231643024083432,0.10747347972554522
2155,6936,0.22211688016013686,0,1,cross_race,0,1,1,0,0.1231643024083432,0.1735525390284639
2155,2283,0.25572161236917906,0,1,cross_race,0,1,1,0,0.1231643024083432,0.0013622818220518917
1082,5626,0.859367727257766,1,0,cross_race,0,0,0,0,0.09848269398358267,0.2382498941493303
2810,7208,0.0,0,1,cross_race,0,1,1,0,0.018593272171253727,0.15495926685721018
2810,4924,0.0,0,1,cross_race,0,1,1,0,0.018593272171253727,0.15495926685721018
2810,6356,0.0,0,1,cross_race,0,1,1,0,0.018593272171253727,0.15495926685721018
1138,3147,1.3023698640517645,1,0,cross_race,0,0,0,0,0.09848269398358267,0.09231877798483723
904,4197,2.1005669603242776,0,1,cross_race,1,0,0,1,0.0021436164765290533,0.3732620702745052
904,6265,2.1005669603242776,0,1,cross_race,1,0,0,1,0.0021436164765290533,0.3258391086648871
904,1718,2.116710617604067,0,1,cross_race,1,0,0,1,0.0021436164765290533,0.4024323935156929
4912,5503,0.0,0,1,cross_race,0,0,0,0,0.0659616174741866,0.24064647957068042
4912,7020,0.0,0,1,cross_race,0,0,0,0,0.0659616174741866,0.24064647957068042
1960,3912,0.20510962733674365,1,0,cross_race,0,0,0,0,0.3258391086648871,0.06380003289277969
1960,6983,0.3278162629567217,1,0,cross_race,0,0,0,0,0.3258391086648871,0.15115424656839327
1960,3972,0.4102192546734872,1,0,cross_race,0,0,0,0,0.3258391086648871,0.20607720817801145
5962,6407,0.17048107491278608,1,0,cross_race,0,0,0,0,0.048338762803230684,0.23540306999978144
6132,6376,0.08524053745639315,0,1,cross_race,0,1,1,0,0.13757871682275769,0.0013622818220518917
471,6182,1.1460031207576256,1,0,cross_race,1,0,0,1,0.18073909964745827,0.16822348972459283
3637,4758,0.17048107491278597,1,0,cross_race,0,1,1,0,0.05038823662012071,0.1542453834894244
3053,3546,0.08524053745639303,0,1,cross_race,0,0,0,0,0.22774753141919907,0.4024323935156929
3053,3175,0.08524053745639304,0,1,cross_race,0,0,0,0,0.22774753141919907,0.4024323935156929
5370,6770,0.0,1,0,cross_race,0,0,0,0,0.27730573265195185,0.10262087055545804
5926,7044,0.5510391377724353,0,1,cross_race,0,0,0,0,0.4162484182788583,0.5159399042653943
2570,3118,0.26670912269668773,1,0,cross_race,0,0,0,0,0.017819706498951815,0.20096303836629037
2570,3620,0.41898184463139465,1,0,cross_race,0,0,0,0,0.017819706498951815,0.23011981284851735
1270,4903,0.08524053745639304,1,0,cross_race,0,0,0,0,0.33672784780834314,0.15508281799696466
976,1459,0.08524053745639304,1,0,cross_race,0,0,0,0,0.029815472483899597,0.21159652252918626
1537,2823,0.22211688016013673,0,1,cross_race,0,0,0,0,0.15115424656839327,0.27556393658179756
1537,2202,0.255721612369179,0,1,cross_race,0,0,0,0,0.15115424656839327,0.345171220605775
1537,6130,0.3278162629567217,0,1,cross_race,0,0,0,0,0.15115424656839327,0.3258391086648871
5769,5856,0.0,0,1,cross_race,0,0,0,0,0.0010898991541923309,0.17577476125068614
1958,3884,0.0,1,0,cross_race,0,0,0,0,0.48615401413891396,0.31146915204242015
1958,6833,0.08524053745639293,1,0,cross_race,0,0,0,0,0.48615401413891396,0.31146915204242015
1958,2259,0.08524053745639315,1,0,cross_race,0,0,0,0,0.48615401413891396,0.2956551985540481
1958,6659,0.08524053745639315,1,0,cross_race,0,0,0,0,0.48615401413891396,0.2956551985540481
1958,6829,0.08524053745639315,1,0,cross_race,0,0,0,0,0.48615401413891396,0.2956551985540481
3366,3784,0.0,1,0,cross_race,0,0,0,0,0.1848656703415953,0.01018080824510148
1645,5626,1.6497094251356395,1,0,cross_race,0,0,0,0,0.1406124784733933,0.2382498941493303
555,4624,1.9469358726667654,1,0,cross_race,0,0,0,0,0.01819437446059624,0.1701272864851875
4547,6072,0.0,1,0,cross_race,0,0,0,0,0.3258391086648871,0.15115424656839327
4547,5631,0.0,1,0,cross_race,0,0,0,0,0.3258391086648871,0.15115424656839327
4547,5353,0.0,1,0,cross_race,0,0,0,0,0.3258391086648871,0.15115424656839327
4547,6851,0.08524053745639298,1,0,cross_race,0,0,0,0,0.3258391086648871,0.15508281799696466
609,2556,0.17048107491278597,1,0,cross_race,0,1,1,0,0.05038823662012071,0.1542453834894244
609,4758,0.17048107491278597,1,0,cross_race,0,1,1,0,0.05038823662012071,0.1542453834894244
5626,6344,0.08524053745639304,0,1,cross_race,0,0,0,0,0.2382498941493303,0.056468844104043625
5626,7033,0.41021925467348724,0,1,cross_race,0,0,0,0,0.2382498941493303,0.029815472483899597
1886,6132,0.08524053745639293,1,0,cross_race,0,1,1,0,0.05210967636972941,0.13757871682275769
4480,6850,0.0,0,1,cross_race,0,1,1,0,0.0,0.1735525390284639
4480,5374,0.0,0,1,cross_race,0,1,1,0,0.0,0.1735525390284639
3570,7109,0.17048107491278602,0,1,cross_race,0,0,0,0,0.15115424656839327,0.27556393658179756
1098,3990,0.22211688016013684,0,1,cross_race,0,0,0,0,0.15115424656839327,0.24298984416781338
1098,2081,0.22211688016013684,0,1,cross_race,0,0,0,0,0.15115424656839327,0.26781982883768984
6182,7181,0.08524053745639293,0,1,cross_race,0,0,0,0,0.16822348972459283,0.34065392347970186
3328,4758,0.17048107491278597,1,0,cross_race,0,1,1,0,0.05038823662012071,0.1542453834894244
1938,7208,0.0,0,1,cross_race,0,1,1,0,0.018593272171253727,0.15495926685721018
1938,4924,0.0,0,1,cross_race,0,1,1,0,0.018593272171253727,0.15495926685721018
1938,6356,0.0,0,1,cross_race,0,1,1,0,0.018593272171253727,0.15495926685721018
2442,3158,0.6819242996511443,0,1,cross_race,0,0,0,0,0.39180977341682804,0.5088403371658271
3065,3972,0.511443224738358,1,0,cross_race,0,0,0,0,0.42908800647165835,0.20607720817801145
2261,2364,0.0,0,1,cross_race,0,0,0,0,0.25440314437516454,0.42908800647165835
2261,2877,0.0,0,1,cross_race,0,0,0,0,0.25440314437516454,0.42908800647165835
2261,4334,0.08524053745639304,0,1,cross_race,0,0,0,0,0.25440314437516454,0.42908800647165835
1966,7155,0.20510962733674365,1,0,cross_race,0,0,0,0,0.4024323935156929,0.25440314437516454
1966,7038,0.22211688016013684,1,0,cross_race,0,0,0,0,0.4024323935156929,0.25440314437516454
2848,5956,0.2051096273367436,1,0,cross_race,0,0,0,0,0.4024323935156929,0.2020218870340827
5229,6816,13.192358033885277,0,1,cross_race,0,0,0,0,0.2808589821241074,0.09848269398358267
354,2570,2.523752601408996,0,1,cross_race,0,0,0,0,0.11444946512207743,0.017819706498951815
354,6658,2.535242549920128,0,1,cross_race,0,1,1,0,0.11444946512207743,0.009716362700164849
2091,5705,0.17048107491278602,1,0,cross_race,1,1,0,0,0.2109206498448506,0.0
2091,5738,0.20510962733674362,1,0,cross_race,0,0,0,0,0.2109206498448506,0.09313496674119603
4841,6554,0.08524053745639304,1,0,cross_race,0,0,0,0,0.4703400606505419,0.2956551985540481
4123,5672,0.3409621498255721,0,1,cross_race,1,0,0,1,0.0960113496175789,0.1820299739279172
4123,4582,0.3979009259098221,0,1,cross_race,1,0,0,1,0.0960113496175789,0.16734001591938918
1885,3523,0.17048107491278602,1,0,cross_race,0,0,0,0,0.0,0.13938503819429648
3300,6770,0.0,1,0,cross_race,0,0,0,0,0.27730573265195185,0.10262087055545804
291,3105,0.0,0,1,cross_race,0,0,0,0,0.20610473416640512,0.38078959626289893
291,4688,0.08524053745639293,0,1,cross_race,0,0,0,0,0.20610473416640512,0.4024323935156929
5942,6130,0.17048107491278608,0,1,cross_race,0,0,0,0,0.16957372577251,0.3258391086648871
2720,5842,0.20510962733674365,1,0,cross_race,0,0,0,0,0.4871296238950115,0.3124447617985177
2720,4617,0.22211688016013684,1,0,cross_race,0,0,0,0,0.4871296238950115,0.3124447617985177
2720,2850,0.22211688016013684,1,0,cross_race,0,0,0,0,0.4871296238950115,0.3124447617985177
4296,7074,0.3278162629567218,0,1,cross_race,0,0,0,0,0.16822348972459283,0.2292393545855737
4296,6858,1.0569496315757618,0,1,cross_race,0,0,0,0,0.16822348972459283,0.48615401413891396
4296,4692,1.4069610096227065,0,1,cross_race,0,0,0,0,0.16822348972459283,0.42908800647165835
3416,4688,0.22211688016013684,0,1,cross_race,0,0,0,0,0.22774753141919907,0.4024323935156929
1691,2346,0.08524053745639304,0,1,cross_race,0,0,0,0,0.19960075654423848,0.01226415094339628
1691,6709,0.2051096273367436,0,1,cross_race,0,1,1,0,0.19960075654423848,0.05038823662012071
1691,7116,0.2221168801601368,0,1,cross_race,0,1,1,0,0.19960075654423848,0.0013622818220518917
1691,7033,0.22211688016013686,0,1,cross_race,0,0,0,0,0.19960075654423848,0.029815472483899597
1790,3741,0.17048107491278605,0,1,cross_race,0,1,1,0,0.1231643024083432,0.06082451365599528
1790,3771,0.22211688016013686,0,1,cross_race,0,1,1,0,0.1231643024083432,0.1724915310709043
3586,5536,0.0,0,1,cross_race,0,0,0,0,0.186612228868049,0.3612970909645428
3586,4930,0.08524053745639301,0,1,cross_race,0,0,0,0,0.186612228868049,0.3515426626231579
596,5993,0.0,1,0,cross_race,0,1,1,0,0.07847628361868952,0.09507625540977438
529,1158,0.17048107491278608,1,0,cross_race,0,0,0,0,0.24064647957068042,0.0659616174741866
529,3182,1.9361015812840199,1,0,cross_race,0,0,0,0,0.24064647957068042,0.08687975406396492
474,1212,0.08524053745639315,1,0,cross_race,0,1,1,0,0.06524098950104251,0.0669411282684359
474,6008,0.08524053745639315,1,0,cross_race,0,1,1,0,0.06524098950104251,0.0669411282684359
4847,6769,0.2667091226966877,0,1,cross_race,0,0,0,0,0.2382498941493303,0.056468844104043625
4847,6210,0.5915476037913093,0,1,cross_race,0,0,0,0,0.2382498941493303,0.09848269398358267
4909,6332,1.193702777729466,1,0,cross_race,0,0,0,0,0.48615401413891396,0.31146915204242015
4909,5884,1.2336062910708983,1,0,cross_race,0,0,0,0,0.48615401413891396,0.4691089035952152
1002,5290,0.08524053745639304,1,0,cross_race,0,1,1,0,0.10747347972554522,0.09959671224115552
2578,5993,0.6556325259134436,1,0,cross_race,0,1,1,0,0.05210967636972941,0.09507625540977438
1158,2271,0.17048107491278597,0,1,cross_race,0,0,0,0,0.0659616174741866,0.2237152626394635
1158,1661,1.0396214587814476,0,1,cross_race,1,1,0,0,0.0659616174741866,0.036014080959547945
1158,2828,1.9342242330775994,0,1,cross_race,0,0,0,0,0.0659616174741866,0.2473293035125449
2253,4412,0.08524053745639304,1,0,cross_race,0,0,0,0,0.4024323935156929,0.2380039416756093
1820,2930,1.36768053441245,0,1,cross_race,0,1,1,0,0.23011981284851735,0.11262499487706035
4200,6851,0.0,1,0,cross_race,0,0,0,0,0.32976768009345847,0.15508281799696466
4200,6072,0.08524053745639298,1,0,cross_race,0,0,0,0,0.32976768009345847,0.15115424656839327
4200,5631,0.08524053745639298,1,0,cross_race,0,0,0,0,0.32976768009345847,0.15115424656839327
3403,3835,0.0,0,1,cross_race,0,0,0,0,0.09313496674119603,0.26781982883768984
3403,3543,0.0,0,1,cross_race,0,0,0,0,0.09313496674119603,0.26781982883768984
1096,2823,0.2667091226966876,0,1,cross_race,1,0,0,1,0.00734511183142339,0.27556393658179756
1096,1299,0.3278162629567219,0,1,cross_race,0,0,0,0,0.00734511183142339,0.1820299739279172
4298,5984,0.0,1,0,cross_race,0,0,0,0,0.34410746548264787,0.16942260338615406
4298,6195,0.08524053745639304,1,0,cross_race,0,0,0,0,0.34410746548264787,0.15115424656839327
2819,4713,0.0,0,1,cross_race,0,1,1,0,0.0669411282684359,0.106611410760028
2819,6546,0.0,0,1,cross_race,0,1,1,0,0.0669411282684359,0.106611410760028
2819,2864,0.0,0,1,cross_race,0,1,1,0,0.0669411282684359,0.106611410760028
5899,6336,0.0,1,0,cross_race,0,1,1,0,0.10747347972554522,0.06607905930291869
5249,5290,0.08524053745639304,1,0,cross_race,0,1,1,0,0.10747347972554522,0.09959671224115552
3934,4238,1.5479785232370484,1,0,cross_race,0,0,0,0,0.29646257177631674,0.45779298602328067
3934,4998,1.5743217458029286,1,0,cross_race,0,0,0,0,0.29646257177631674,0.37580772438570587
3365,6578,0.41898184463139465,0,1,cross_race,0,0,0,0,0.3124447617985177,0.5088403371658271
1425,4405,0.0,1,0,cross_race,0,0,0,0,0.3043944419640271,0.1297095798675333
5787,5956,0.25572161236917906,1,0,cross_race,0,0,0,0,0.4024323935156929,0.2020218870340827
1038,1502,0.8204385093469746,1,0,cross_race,0,0,0,0,0.056468844104043625,0.1868186930565212
1038,2649,0.9459782024393296,1,0,cross_race,0,0,0,0,0.056468844104043625,0.30858410417080095
2672,4847,0.2667091226966877,1,0,cross_race,0,0,0,0,0.056468844104043625,0.2382498941493303
5235,5786,0.0,1,0,cross_race,0,0,0,0,0.3893383280779449,0.21465346598145107
111,5536,0.0,0,1,cross_race,0,0,0,0,0.186612228868049,0.3612970909645428
111,2448,0.0,0,1,cross_race,0,0,0,0,0.186612228868049,0.3612970909645428
111,4930,0.08524053745639301,0,1,cross_race,0,0,0,0,0.186612228868049,0.3515426626231579
5393,6880,0.20510962733674365,1,0,cross_race,0,0,0,0,0.2357787547029555,0.09313496674119603
698,5752,0.08524053745639304,1,0,cross_race,0,0,0,0,0.4126888037721031,0.2380039416756093
698,2261,0.20510962733674365,1,0,cross_race,0,0,0,0,0.4126888037721031,0.25440314437516454
4717,6841,0.20510962733674365,1,0,cross_race,0,0,0,0,0.5088403371658271,0.3124447617985177
4717,6053,0.20510962733674365,1,0,cross_race,0,0,0,0,0.5088403371658271,0.3124447617985177
4253,5719,0.0,0,1,cross_race,0,0,0,0,0.3124447617985177,0.4871296238950115
4256,5503,0.0,0,1,cross_race,0,0,0,0,0.0659616174741866,0.24064647957068042
4256,7020,0.0,0,1,cross_race,0,0,0,0,0.0659616174741866,0.24064647957068042
3091,3972,0.08524053745639293,1,0,cross_race,0,0,0,0,0.36850499474461157,0.20607720817801145
3091,6983,0.2667091226966877,1,0,cross_race,0,0,0,0,0.36850499474461157,0.15115424656839327
738,3870,0.4102192546734873,1,0,cross_race,0,1,1,0,0.02457670799529288,0.05267716957372115
1824,3295,0.0,1,0,cross_race,0,0,0,0,0.4024323935156929,0.22774753141919907
2850,4212,0.08524053745639293,0,1,cross_race,0,0,0,0,0.3124447617985177,0.4871296238950115
1949,4375,0.08524053745639304,1,0,cross_race,0,0,0,0,0.2357787547029555,0.0490304005429697
5131,5233,5.231376820504856,1,0,cross_race,0,0,0,0,0.29646257177631674,0.28216575296317326
939,4823,0.08524053745639304,0,1,cross_race,0,0,0,0,0.16942260338615406,0.3258391086648871
3813,5393,0.17048107491278602,0,1,cross_race,0,0,0,0,0.09313496674119603,0.2357787547029555
3813,7204,0.22211688016013686,0,1,cross_race,0,0,0,0,0.09313496674119603,0.27730573265195185
3813,7189,0.25572161236917906,0,1,cross_race,0,0,0,0,0.09313496674119603,0.2971955300213084
4399,4593,0.17048107491278602,0,1,cross_race,0,0,0,0,0.25440314437516454,0.42908800647165835
4399,4490,0.17048107491278608,0,1,cross_race,0,0,0,0,0.25440314437516454,0.4024323935156929
279,7094,0.08524053745639304,0,1,cross_race,0,0,0,0,0.0673491052836927,0.26781982883768984
279,3598,0.2051096273367436,0,1,cross_race,1,0,0,1,0.0673491052836927,0.17577476125068614
279,5642,0.20510962733674365,0,1,cross_race,0,0,0,0,0.0673491052836927,0.26781982883768984
3857,6954,0.08524053745639304,1,0,cross_race,0,1,1,0,0.07395582678730839,0.06607905930291869
2828,3182,0.08524053745639304,1,0,cross_race,0,0,0,0,0.2473293035125449,0.08687975406396492
4458,6232,0.0,0,1,cross_race,0,0,0,0,0.21941054151134476,0.39409540360783857
4458,5333,0.2051096273367436,0,1,cross_race,0,0,0,0,0.21941054151134476,0.4126888037721031
4458,6766,0.20510962733674365,0,1,cross_race,0,0,0,0,0.21941054151134476,0.34458249490827325
5859,7007,0.08524053745639304,0,1,cross_race,0,1,1,0,0.18178105004528666,0.0013622818220518917
1380,3509,0.08524053745639304,0,1,cross_race,0,0,0,0,0.2956551985540481,0.48615401413891396
5747,6546,0.0,0,1,cross_race,0,1,1,0,0.0669411282684359,0.106611410760028
5737,6696,0.20510962733674365,0,1,cross_race,0,0,0,0,0.1768578005266641,0.4024323935156929
2213,2652,0.0,1,0,cross_race,0,0,0,0,0.4653905657010469,0.2907057036045531
2213,6554,0.22211688016013686,1,0,cross_race,0,0,0,0,0.4653905657010469,0.2956551985540481
2213,6287,0.22211688016013686,1,0,cross_race,0,0,0,0,0.4653905657010469,0.3124447617985177
3489,6846,0.22211688016013675,0,1,cross_race,1,0,0,1,0.0010898991541923309,0.2292393545855737
3489,4699,0.2557216123691791,0,1,cross_race,0,0,0,0,0.0010898991541923309,0.13400668258605575
3489,5069,0.2667091226966877,0,1,cross_race,1,0,0,1,0.0010898991541923309,0.20510689700484025
5237,6816,4.397227675418402,0,1,cross_race,0,0,0,0,0.2559968077295771,0.09848269398358267
5237,6515,5.311800000971735,0,1,cross_race,0,0,0,0,0.2559968077295771,0.12961252060294237
3936,6295,0.0,1,0,cross_race,0,0,0,0,0.3258391086648871,0.15115424656839327
6880,7204,0.08524053745639304,0,1,cross_race,0,0,0,0,0.09313496674119603,0.27730573265195185
4117,4897,0.08524053745639293,0,1,cross_race,0,0,0,0,0.2038699180428818,0.029815472483899597
4117,4842,0.08524053745639293,0,1,cross_race,0,0,0,0,0.2038699180428818,0.029815472483899597
3278,3342,0.0,0,1,cross_race,0,0,0,0,0.1434101388242855,0.3180950009207793
3278,5360,0.0,0,1,cross_race,0,0,0,0,0.1434101388242855,0.3180950009207793
4722,6496,1.9169654799158506,1,0,cross_race,0,1,1,0,0.05910307390638647,0.1231643024083432
1629,3523,0.20510962733674365,1,0,cross_race,0,0,0,0,0.028453190661847705,0.13938503819429648
622,6309,0.17048107491278608,0,1,cross_race,0,1,1,0,0.06607905930291869,0.1735525390284639
622,6392,0.2051096273367436,0,1,cross_race,0,1,1,0,0.06607905930291869,0.17577476125068614
622,3598,0.255721612369179,0,1,cross_race,0,1,1,0,0.06607905930291869,0.17577476125068614
622,1631,0.34096214982557205,0,1,cross_race,0,1,1,0,0.06607905930291869,0.17577476125068614
1906,4286,0.08524053745639293,1,0,cross_race,0,1,1,0,0.0030864197530864335,0.172190257206412
1906,6922,0.08524053745639293,1,0,cross_race,0,1,1,0,0.0030864197530864335,0.172190257206412
6912,7129,0.08524053745639304,1,0,cross_race,0,0,0,0,0.26781982883768984,0.09313496674119603
640,1472,0.08524053745639293,1,0,cross_race,0,0,0,0,0.26781982883768984,0.09313496674119603
6507,6614,0.08524053745639303,1,0,cross_race,0,0,0,0,0.4024323935156929,0.22774753141919907
50,5425,0.08524053745639304,0,1,cross_race,0,0,0,0,0.09313496674119603,0.26781982883768984
50,5676,0.08524053745639304,0,1,cross_race,0,0,0,0,0.09313496674119603,0.26781982883768984
50,4517,0.08524053745639304,0,1,cross_race,0,0,0,0,0.09313496674119603,0.26781982883768984
75,649,0.08524053745639304,1,0,cross_race,0,0,0,0,0.3515426626231579,0.16989763281177944
75,6467,0.08524053745639304,1,0,cross_race,0,0,0,0,0.3515426626231579,0.16989763281177944
75,95,0.08524053745639304,1,0,cross_race,0,0,0,0,0.3515426626231579,0.16989763281177944
75,2074,0.17048107491278602,1,0,cross_race,0,0,0,0,0.3515426626231579,0.15115424656839327
4162,6725,0.0,1,0,cross_race,0,0,0,0,0.42908800647165835,0.25440314437516454
2248,3150,0.17048107491278602,0,1,cross_race,0,0,0,0,0.16596906138320805,0.3537970909645428
1619,1887,0.0,1,0,cross_race,0,0,0,0,0.26781982883768984,0.09313496674119603
6217,6987,0.08524053745639293,0,1,cross_race,0,0,0,0,0.09313496674119603,0.26781982883768984
1768,4307,0.0,1,0,cross_race,0,0,0,0,0.17577476125068614,0.0010898991541923309
801,5449,0.08524053745639304,0,1,cross_race,0,1,1,0,0.0,0.1735525390284639
801,2855,0.08524053745639304,0,1,cross_race,0,1,1,0,0.0,0.17577476125068614
4732,5069,0.08524053745639304,0,1,cross_race,1,0,0,1,0.0010898991541923309,0.20510689700484025
4732,6846,0.17048107491278608,0,1,cross_race,1,0,0,1,0.0010898991541923309,0.2292393545855737
5036,6922,0.0,1,0,cross_race,0,1,1,0,0.0013622818220518917,0.172190257206412
4224,5289,0.08524053745639304,0,1,cross_race,0,1,1,0,0.0,0.1503608439336641
4224,5393,0.20510962733674362,0,1,cross_race,1,1,0,0,0.0,0.2357787547029555
7094,7129,0.08524053745639304,1,0,cross_race,0,0,0,0,0.26781982883768984,0.09313496674119603
4670,6605,0.08524053745639301,1,0,cross_race,0,0,0,0,0.42908800647165835,0.25440314437516454
4670,6316,0.08524053745639304,1,0,cross_race,0,0,0,0,0.42908800647165835,0.25440314437516454
2448,3586,0.0,1,0,cross_race,0,0,0,0,0.3612970909645428,0.186612228868049
6477,6529,0.08524053745639304,0,1,cross_race,0,0,0,0,0.2382498941493303,0.048338762803230684
1414,5842,0.08524053745639315,1,0,cross_race,0,0,0,0,0.5088403371658271,0.3124447617985177
1414,1816,0.17048107491278608,1,0,cross_race,0,0,0,0,0.5088403371658271,0.3412550421689004
1414,4181,0.17048107491278608,1,0,cross_race,0,0,0,0,0.5088403371658271,0.3412550421689004
1414,4617,0.17048107491278608,1,0,cross_race,0,0,0,0,0.5088403371658271,0.3124447617985177
2710,3118,0.26670912269668773,1,0,cross_race,0,1,1,0,0.05038823662012071,0.20096303836629037
2710,3620,0.48339774506876226,1,0,cross_race,0,1,1,0,0.05038823662012071,0.23011981284851735
5386,5907,0.0,0,1,cross_race,0,0,0,0,0.21941054151134476,0.39409540360783857
2469,7145,4.06753065267799,1,0,cross_race,0,0,0,0,0.29646257177631674,0.3353315339095154
497,6043,0.08524053745639298,1,0,cross_race,0,0,0,0,0.4024323935156929,0.2380039416756093
497,3688,0.08524053745639298,1,0,cross_race,0,0,0,0,0.4024323935156929,0.2380039416756093
497,3775,0.08524053745639304,1,0,cross_race,0,0,0,0,0.4024323935156929,0.22774753141919907
497,872,0.17048107491278602,1,0,cross_race,0,0,0,0,0.4024323935156929,0.2380039416756093
1286,6316,0.22211688016013686,1,0,cross_race,0,0,0,0,0.42908800647165835,0.25440314437516454
2364,6523,0.08524053745639304,1,0,cross_race,0,0,0,0,0.42908800647165835,0.25440314437516454
884,3268,0.08524053745639303,1,0,cross_race,0,0,0,0,0.27730573265195185,0.15115424656839327
884,4532,0.08524053745639304,1,0,cross_race,0,0,0,0,0.27730573265195185,0.09313496674119603
637,6073,0.08524053745639293,1,0,cross_race,0,0,0,0,0.4703400606505419,0.2956551985540481
637,6235,0.41898184463139465,1,0,cross_race,0,0,0,0,0.4703400606505419,0.3341554750693333
637,3365,0.5334182453933753,1,0,cross_race,0,0,0,0,0.4703400606505419,0.3124447617985177
637,4317,0.5915476037913092,1,0,cross_race,0,0,0,0,0.4703400606505419,0.2144141980858657
2467,3147,1.4069610096227068,1,0,cross_race,0,0,0,0,0.09848269398358267,0.09231877798483723
2024,4296,0.26670912269668773,1,0,cross_race,0,0,0,0,0.3808312116867997,0.16822348972459283
2024,2696,1.2424098876969956,1,0,cross_race,0,0,0,0,0.3808312116867997,0.3124447617985177
2404,4399,0.08524053745639298,1,0,cross_race,0,0,0,0,0.42908800647165835,0.25440314437516454
2404,4412,0.17048107491278602,1,0,cross_race,0,0,0,0,0.42908800647165835,0.2380039416756093
