id_i,id_j,distance,race_i,race_j,pair_type
5441,5685,0.22211688016013686,1,1,same_race
2799,6850,0.0,1,1,same_race
2799,5374,0.0,1,1,same_race
2799,3103,0.0,1,1,same_race
2874,5128,0.0,1,1,same_race
2874,3036,0.08524053745639301,1,1,same_race
567,2556,0.08524053745639293,1,0,cross_race
567,4758,0.08524053745639293,1,0,cross_race
567,3637,0.08524053745639304,1,1,same_race
567,609,0.08524053745639304,1,1,same_race
567,3328,0.08524053745639304,1,1,same_race
3039,5407,0.08524053745639301,0,1,cross_race
3039,5363,0.25572161236917906,0,0,same_race
3039,4450,0.3278162629567217,0,0,same_race
3039,5010,0.3278162629567218,0,1,cross_race
3039,4593,0.3278162629567218,0,1,cross_race
4804,5699,0.0,1,1,same_race
5438,6454,0.0,1,1,same_race
5438,6679,0.48339774506876226,1,1,same_race
5438,5443,0.5334182453933755,1,1,same_race
5438,6681,1.056949631575762,1,1,same_race
583,2828,0.0,0,1,cross_race
583,3182,0.08524053745639304,0,0,same_race
583,3390,0.08524053745639304,0,1,cross_race
583,6832,0.08524053745639304,0,1,cross_race
583,780,0.08524053745639304,0,0,same_race
4617,6519,0.08524053745639293,0,0,same_race
4617,5842,0.08524053745639293,0,0,same_race
662,5226,0.0,1,0,cross_race
662,6867,0.08524053745639301,1,0,cross_race
662,4120,0.08524053745639301,1,0,cross_race
662,3053,0.08524053745639303,1,0,cross_race
4644,6785,0.6556325259134435,1,1,same_race
3033,6679,0.22211688016013686,1,1,same_race
3033,6681,0.5915476037913093,1,1,same_race
3033,5438,0.6385087547867919,1,1,same_race
3033,6454,0.6385087547867919,1,1,same_race
4953,6073,1.6278728111799488,1,0,cross_race
4953,6235,1.9990519214412317,1,0,cross_race
1816,4181,0.0,0,0,same_race
1816,2882,0.08524053745639293,0,0,same_race
1816,7005,0.08524053745639293,0,0,same_race
4851,6217,0.08524053745639315,1,0,cross_race
29,5626,0.17048107491278608,1,0,cross_race
29,6344,0.2557216123691791,1,1,same_race
29,1461,0.26670912269668773,1,1,same_race
29,7033,0.4442337603202737,1,1,same_race
749,3600,0.22211688016013684,1,0,cross_race
749,3065,0.7958018518196442,1,1,same_race
749,6941,1.0512966068724063,1,1,same_race
749,1960,1.1933675243895023,1,1,same_race
4320,4405,0.08524053745639293,1,0,cross_race
4320,6618,0.08524053745639304,1,1,same_race
4320,7017,0.08524053745639304,1,1,same_race
2027,3881,0.17048107491278602,1,0,cross_race
2027,2855,0.17048107491278602,1,1,same_race
2027,3952,0.17048107491278608,1,1,same_race
2027,4532,0.2051096273367436,1,0,cross_race
906,5503,0.0,0,1,cross_race
906,2677,0.0,0,0,same_race
906,7020,0.0,0,1,cross_race
61,1469,1.9510553366978909,1,1,same_race
61,6000,3.0340904343019153,1,1,same_race
61,7145,3.1233492152572713,1,0,cross_race
61,2469,3.277680810298629,1,1,same_race
61,5023,3.431423664210916,1,1,same_race
2025,6850,0.0,1,1,same_race
2025,5374,0.0,1,1,same_race
2025,2799,0.0,1,1,same_race
2025,3103,0.0,1,1,same_race
3071,6644,0.0,0,0,same_race
3071,6736,0.0,0,1,cross_race
3071,4935,0.0,0,1,cross_race
3071,6802,0.0,0,0,same_race
2234,6217,0.0,0,0,same_race
2234,3087,0.0,0,1,cross_race
2234,6987,0.08524053745639293,0,1,cross_race
2234,2396,0.08524053745639293,0,1,cross_race
774,4222,0.0,1,0,cross_race
774,6104,0.08524053745639298,1,1,same_race
774,1149,0.08524053745639298,1,0,cross_race
3342,5360,0.0,1,1,same_race
3241,5515,0.08524053745639304,1,0,cross_race
3241,3921,0.08524053745639304,1,1,same_race
3241,3697,0.08524053745639304,1,1,same_race
4765,5892,0.17048107491278586,0,0,same_race
3317,5364,0.0,1,1,same_race
3317,4721,0.0,1,1,same_race
5642,7079,0.0,1,1,same_race
4516,5361,0.08524053745639298,0,0,same_race
4516,4773,0.08524053745639298,0,0,same_race
4516,5352,0.08524053745639304,0,0,same_race
1778,4424,0.08524053745639301,1,0,cross_race
1778,3952,0.08524053745639301,1,1,same_race
1778,2291,0.17048107491278602,1,0,cross_race
1778,3036,0.17048107491278602,1,1,same_race
4902,5197,0.0,0,1,cross_race
6311,6614,0.0,0,0,same_race
6311,6692,0.08524053745639303,0,1,cross_race
548,4813,0.08524053745639304,0,1,cross_race
548,754,0.08524053745639304,0,1,cross_race
548,5888,0.08524053745639304,0,1,cross_race
548,5290,0.08524053745639304,0,0,same_race
4582,5672,0.20510962733674365,1,1,same_race
1377,1595,3.021084939873515,1,1,same_race
1377,6194,3.6621116094994783,1,1,same_race
1377,4545,3.8738822251747314,1,1,same_race
5888,6499,0.08524053745639293,1,1,same_race
5888,6132,0.08524053745639293,1,0,cross_race
2150,5142,0.25572161236917906,1,1,same_race
2283,4623,0.08524053745639304,1,1,same_race
2283,3328,0.20510962733674365,1,1,same_race
2283,3637,0.20510962733674365,1,1,same_race
2002,6075,0.0,0,1,cross_race
2002,2492,0.08524053745639301,0,0,same_race
2002,4268,0.08524053745639301,0,0,same_race
2002,3268,0.17048107491278602,0,0,same_race
6022,6725,0.26670912269668773,1,0,cross_race
1805,6810,0.22211688016013684,1,1,same_race
1805,2496,0.22211688016013684,1,1,same_race
347,7116,0.08524053745639304,1,1,same_race
347,3524,0.17048107491278597,1,1,same_race
347,6254,0.17048107491278608,1,1,same_race
347,1691,0.2051096273367436,1,0,cross_race
3524,7116,0.08524053745639293,1,1,same_race
3524,7143,0.08524053745639315,1,1,same_race
3524,4511,0.08524053745639315,1,1,same_race
3524,6709,0.17048107491278597,1,1,same_race
4778,5744,0.08524053745639303,1,0,cross_race
1879,1912,0.0,1,1,same_race
1879,6742,0.08524053745639293,1,1,same_race
1879,5401,0.17048107491278597,1,1,same_race
1879,5962,0.17048107491278608,1,1,same_race
1879,4842,0.20510962733674365,1,1,same_race
3150,3436,0.2051096273367436,1,1,same_race
3150,4691,0.2667091226966877,1,1,same_race
2147,4804,0.2667091226966877,1,1,same_race
2147,5699,0.2667091226966877,1,1,same_race
2147,2649,0.26670912269668773,1,0,cross_race
2147,2268,0.6385087547867916,1,1,same_race
2147,4140,0.7034805048113537,1,1,same_race
5959,6119,0.0,1,1,same_race
5959,6336,0.0,1,0,cross_race
6330,6428,3.6268755797821735,1,1,same_race
4082,5956,0.08524053745639304,0,0,same_race
4082,5787,0.17048107491278602,0,1,cross_race
4082,6241,0.17048107491278605,0,1,cross_race
4218,4897,0.08524053745639304,1,1,same_race
4218,4842,0.08524053745639304,1,1,same_race
1964,6130,0.0,1,1,same_race
1964,5942,0.17048107491278608,1,0,cross_race
1964,5568,0.22211688016013692,1,1,same_race
1964,6846,0.3278162629567218,1,1,same_race
717,7044,0.22211688016013684,0,1,cross_race
717,3668,0.3979009259098221,0,0,same_race
717,4674,0.47298910121966486,0,1,cross_race
717,4717,0.511443224738358,0,1,cross_race
914,4224,0.08524053745639304,1,0,cross_race
914,2831,0.17048107491278608,1,1,same_race
914,3637,0.20510962733674365,1,1,same_race
4901,6658,1.9790829113393287,1,1,same_race
6119,6336,0.0,1,0,cross_race
2589,6072,0.0,1,0,cross_race
2589,4547,0.0,1,1,same_race
2589,5631,0.0,1,0,cross_race
2589,5353,0.0,1,0,cross_race
2589,6851,0.08524053745639298,1,0,cross_race
5023,7145,1.277017509573584,1,0,cross_race
4222,6104,0.08524053745639298,0,1,cross_race
5169,5360,0.0,1,1,same_race
1648,3303,0.0,1,1,same_race
1648,2940,0.08524053745639304,1,1,same_race
1648,2029,0.08524053745639304,1,1,same_race
2031,2681,0.42620268728196503,1,1,same_race
2031,4644,0.6556325259134435,1,1,same_race
2031,6785,0.8204385093469746,1,1,same_race
3743,4901,0.2667091226966876,1,1,same_race
3743,6658,1.9618070460887682,1,1,same_race
1463,4897,0.08524053745639304,1,1,same_race
1463,4842,0.08524053745639304,1,1,same_race
1463,2709,0.17048107491278597,1,1,same_race
1239,3859,0.0,1,1,same_race
1239,3034,0.0,1,0,cross_race
1239,3018,0.0,1,1,same_race
1239,4903,0.0,1,0,cross_race
3221,6210,0.08524053745639304,1,1,same_race
3221,6769,0.3979009259098221,1,1,same_race
11,1911,0.08524053745639304,1,1,same_race
11,4187,0.22211688016013686,1,1,same_race
11,1228,0.22211688016013686,1,1,same_race
11,1890,0.22211688016013686,1,1,same_race
4453,5216,0.0,0,1,cross_race
2274,5216,0.08524053745639304,1,1,same_race
2274,4453,0.08524053745639304,1,0,cross_race
2274,2294,0.08524053745639304,1,1,same_race
32,3771,0.08524053745639303,1,1,same_race
32,3111,0.17048107491278602,1,0,cross_race
32,5744,0.20510962733674362,1,0,cross_race
32,4727,0.20510962733674362,1,1,same_race
32,1790,0.20510962733674365,1,0,cross_race
4628,6265,0.4442337603202737,0,1,cross_race
4628,5108,0.5915476037913094,0,0,same_race
4628,6375,0.6212049438484978,0,1,cross_race
4628,5483,0.6385087547867919,0,0,same_race
2556,4758,0.0,0,0,same_race
2556,2562,0.08524053745639304,0,1,cross_race
2556,3637,0.17048107491278597,0,1,cross_race
3820,5276,0.2221168801601368,1,1,same_race
3820,4624,0.2667091226966877,1,0,cross_race
3820,4545,0.2667091226966877,1,1,same_race
3820,6246,0.32781626295672167,1,1,same_race
4334,6523,0.0,1,0,cross_race
2551,2575,0.0,1,1,same_race
2551,7079,0.08524053745639293,1,1,same_race
2551,5642,0.08524053745639293,1,1,same_race
1212,4713,0.0,0,1,cross_race
1212,6546,0.0,0,1,cross_race
1212,6008,0.0,0,0,same_race
1212,2864,0.0,0,1,cross_race
1212,1979,0.0,0,1,cross_race
2540,6328,0.0,1,0,cross_race
2540,4903,0.08524053745639293,1,0,cross_race
5008,5786,0.08524053745639301,1,0,cross_race
4343,5082,0.0,1,1,same_race
4343,6068,0.0,1,0,cross_race
4343,7053,0.0,1,0,cross_race
2394,5082,0.0,1,1,same_race
2394,6068,0.0,1,0,cross_race
2394,4343,0.0,1,1,same_race
2394,7053,0.0,1,0,cross_race
1668,6850,0.0,0,1,cross_race
1668,5374,0.0,0,1,cross_race
1668,2799,0.0,0,1,cross_race
1668,3103,0.0,0,1,cross_race
5884,6765,0.5966837621947514,0,1,cross_race
2806,4267,0.0,1,1,same_race
2806,6676,0.08524053745639304,1,1,same_race
3015,7143,1.9342242330775994,1,1,same_race
3015,4511,1.9342242330775994,1,1,same_race
3015,3524,1.9361015812840199,1,1,same_race
3015,7116,1.9417227352863864,1,1,same_race
1137,3969,0.08524053745639304,1,1,same_race
1137,6195,0.08524053745639304,1,0,cross_race
1137,4518,0.08524053745639304,1,1,same_race
1137,3572,0.08524053745639304,1,0,cross_race
1137,4823,0.08524053745639304,1,1,same_race
1620,6785,0.20510962733674365,1,1,same_race
1620,5189,0.20510962733674365,1,1,same_race
1620,2155,0.4102192546734872,1,0,cross_race
1175,5725,0.08524053745639304,1,0,cross_race
1175,4745,0.08524053745639304,1,1,same_race
1175,3176,0.08524053745639304,1,1,same_race
1175,1861,0.08524053745639304,1,1,same_race
1175,6532,0.08524053745639304,1,1,same_race
5077,6758,0.4833977450687622,1,1,same_race
5077,6515,1.36768053441245,1,1,same_race
5077,6679,2.4747933067511543,1,1,same_race
5676,6159,0.08524053745639304,1,0,cross_race
459,5364,0.08524053745639304,0,1,cross_race
459,3317,0.08524053745639304,0,1,cross_race
459,3192,0.08524053745639304,0,1,cross_race
459,4113,0.08524053745639304,0,0,same_race
3002,6644,0.08524053745639301,0,0,same_race
3002,3071,0.08524053745639301,0,0,same_race
3002,4935,0.08524053745639301,0,1,cross_race
3002,6802,0.08524053745639301,0,0,same_race
6332,7155,0.47298910121966486,0,0,same_race
2369,5156,0.22211688016013684,1,1,same_race
2369,6971,0.255721612369179,1,0,cross_race
2369,3076,0.4442337603202737,1,0,cross_race
2369,3898,0.4442337603202737,1,0,cross_race
65,2663,0.08524053745639304,1,0,cross_race
65,3111,0.08524053745639304,1,0,cross_race
65,2402,0.08524053745639304,1,1,same_race
65,6723,0.08524053745639304,1,0,cross_race
65,1906,0.17048107491278608,1,1,same_race
2579,3002,0.08524053745639301,0,0,same_race
2579,5361,0.08524053745639304,0,0,same_race
2579,4773,0.08524053745639304,0,0,same_race
2579,6802,0.17048107491278602,0,0,same_race
2579,6644,0.17048107491278602,0,0,same_race
2566,3264,0.22211688016013686,1,1,same_race
2566,4699,0.2667091226966877,1,1,same_race
2566,3818,0.26670912269668773,1,1,same_race
2758,4386,0.4262026872819651,1,1,same_race
2758,5276,1.1864992594697767,1,1,same_race
5142,5265,0.34096214982557205,1,1,same_race
1912,6742,0.08524053745639293,1,1,same_race
1912,5401,0.17048107491278597,1,1,same_race
1912,5962,0.17048107491278608,1,1,same_race
1912,4842,0.20510962733674365,1,1,same_race
4212,6519,0.0,1,0,cross_race
4212,4617,0.08524053745639293,1,0,cross_race
4212,5842,0.17048107491278586,1,0,cross_race
2271,4045,1.9361015812840199,1,0,cross_race
2288,6134,0.6309528281045266,1,1,same_race
2288,2649,0.6385087547867924,1,0,cross_race
2288,4140,0.7121030190084305,1,1,same_race
2288,4804,0.8001273680900634,1,1,same_race
2288,5699,0.8001273680900634,1,1,same_race
1260,7208,0.0,1,1,same_race
1260,3594,0.0,1,0,cross_race
1260,4924,0.0,1,1,same_race
1260,6356,0.0,1,1,same_race
2264,2467,0.5334182453933755,1,1,same_race
2264,2766,0.7485174438063078,1,1,same_race
2264,3147,0.8884675206405475,1,0,cross_race
1699,5672,0.22211688016013686,0,1,cross_race
1699,4355,0.2667091226966877,0,1,cross_race
1699,4283,0.26670912269668773,0,1,cross_race
1699,3191,0.3278162629567217,0,1,cross_race
1699,3526,0.3278162629567217,0,0,same_race
631,2940,0.0,0,1,cross_race
631,4307,0.0,0,0,same_race
631,2029,0.0,0,1,cross_race
631,1768,0.0,0,1,cross_race
631,1648,0.08524053745639304,0,1,cross_race
1681,3570,0.08524053745639298,0,0,same_race
1681,3327,0.08524053745639298,0,0,same_race
1681,7109,0.08524053745639304,0,1,cross_race
1681,2248,0.25572161236917906,0,0,same_race
2904,4962,0.25572161236917923,0,0,same_race
2904,4765,0.34096214982557216,0,0,same_race
2904,6906,0.511443224738358,0,0,same_race
6072,6851,0.08524053745639298,0,0,same_race
3390,4220,0.0,1,1,same_race
3390,3930,0.0,1,1,same_race
3390,6832,0.0,1,1,same_race
6508,7050,0.17048107491278586,0,0,same_race
6508,6820,0.25572161236917923,0,0,same_race
4785,4841,0.22211688016013684,1,1,same_race
6184,7120,0.0,1,0,cross_race
1473,3741,0.17048107491278602,1,1,same_race
1473,5643,0.22211688016013686,1,1,same_race
1473,5705,0.22211688016013686,1,0,cross_race
2273,2848,0.0,0,1,cross_race
2273,5956,0.2051096273367436,0,0,same_race
2273,2579,0.20510962733674365,0,0,same_race
4272,4405,0.0,1,0,cross_race
4272,4320,0.08524053745639293,1,1,same_race
4272,6912,0.08524053745639304,1,1,same_race
4272,7017,0.17048107491278597,1,1,same_race
1787,3789,0.0,0,1,cross_race
1787,2984,0.0,0,0,same_race
1787,6343,0.0,0,1,cross_race
1640,6806,0.0,0,0,same_race
1640,3498,0.08524053745639293,0,0,same_race
1640,6496,0.41021925467348724,0,0,same_race
1640,3330,1.2569455338941842,0,0,same_race
2864,4713,0.0,1,1,same_race
2864,6546,0.0,1,1,same_race
2864,6008,0.0,1,0,cross_race
5233,6194,8.153705453260704,0,1,cross_race
5233,6330,8.447391136246559,0,1,cross_race
5631,6072,0.0,0,0,same_race
5631,6851,0.08524053745639298,0,0,same_race
3870,7088,0.39790092590982196,0,1,cross_race
3103,6850,0.0,1,1,same_race
3103,5374,0.0,1,1,same_race
2200,5386,0.08524053745639304,1,0,cross_race
2200,5135,0.08524053745639304,1,0,cross_race
2200,2276,0.08524053745639304,1,0,cross_race
2200,5907,0.08524053745639304,1,1,same_race
2200,4672,0.08524053745639304,1,0,cross_race
2822,7181,0.2667091226966877,1,1,same_race
2822,5493,0.26670912269668773,1,0,cross_race
2822,6182,0.3278162629567216,1,0,cross_race
2822,5253,0.3278162629567216,1,1,same_race
1890,5769,0.0,1,0,cross_race
1890,5856,0.0,1,1,same_race
1890,4416,0.0,1,1,same_race
1890,4187,0.0,1,1,same_race
3629,7129,0.2051096273367436,1,0,cross_race
3629,5457,0.2051096273367436,1,0,cross_race
6587,6978,0.0,0,1,cross_race
6587,6855,0.0,0,1,cross_race
3158,6235,0.22211688016013675,1,0,cross_race
3158,5129,0.22211688016013684,1,0,cross_race
3158,3365,0.2667091226966877,1,0,cross_race
3158,6578,0.3278162629567217,1,1,same_race
3499,5169,0.08524053745639304,1,1,same_race
3499,6201,0.08524053745639304,1,1,same_race
3499,5360,0.08524053745639304,1,1,same_race
4038,4232,0.0,1,1,same_race
3509,6263,0.08524053745639304,1,0,cross_race
3509,5262,0.17048107491278597,1,0,cross_race
1256,6319,0.08524053745639293,0,0,same_race
1256,1968,0.08524053745639293,0,0,same_race
1256,3668,0.2051096273367436,0,0,same_race
1256,4674,0.22211688016013675,0,1,cross_race
1256,2522,0.26670912269668756,0,0,same_race
4011,5807,0.17048107491278608,0,1,cross_race
4011,4355,0.3409621498255721,0,1,cross_race
2346,7033,0.20510962733674365,1,1,same_race
2346,5960,0.20510962733674365,1,1,same_race
2346,6709,0.2221168801601368,1,1,same_race
5443,6454,0.5334182453933755,1,1,same_race
5443,6679,1.0144707288465094,1,1,same_race
5443,6681,1.438295502082423,1,1,same_race
357,3330,0.08524053745639304,1,0,cross_race
357,539,0.6385087547867919,1,0,cross_race
357,6496,0.8884675206405475,1,0,cross_race
357,6806,1.277017509573584,1,0,cross_race
357,1640,1.277017509573584,1,0,cross_race
6644,6736,0.0,0,1,cross_race
6644,6802,0.0,0,0,same_race
1005,4644,0.17048107491278597,1,1,same_race
1005,2681,0.4189818446313947,1,1,same_race
1005,6785,0.5334182453933755,1,1,same_race
1005,2031,0.5334182453933755,1,1,same_race
1005,1489,0.6385087547867919,1,1,same_race
10,4790,0.0,0,0,same_race
10,3835,0.0,0,1,cross_race
10,2787,0.0,0,0,same_race
10,3543,0.0,0,1,cross_race
3436,4691,0.17048107491278602,1,1,same_race
3436,4120,0.22211688016013686,1,0,cross_race
3436,6867,0.22211688016013686,1,0,cross_race
1459,3967,0.08524053745639298,0,1,cross_race
1459,6329,0.08524053745639298,0,1,cross_race
1459,5592,0.08524053745639304,0,1,cross_race
1459,5401,0.17048107491278608,0,1,cross_race
2172,5197,0.0,1,1,same_race
2172,4902,0.0,1,0,cross_race
2172,2737,0.0,1,1,same_race
6407,6634,0.3278162629567217,0,1,cross_race
856,1579,0.0,0,0,same_race
856,6617,0.0,0,0,same_race
856,6160,0.0,0,0,same_race
856,2493,0.0,0,1,cross_race
856,2544,0.08524053745639304,0,1,cross_race
6160,6617,0.0,0,0,same_race
6008,6546,0.0,0,1,cross_race
2544,3816,0.0,1,0,cross_race
2544,6160,0.08524053745639304,1,0,cross_race
2544,2877,0.08524053745639304,1,1,same_race
5761,6634,0.0,0,1,cross_race
5659,6104,0.08524053745639298,1,1,same_race
6515,6758,1.6759273785255788,1,1,same_race
4813,6664,0.0,1,1,same_race
4813,6954,0.08524053745639304,1,0,cross_race
6375,6532,0.20510962733674365,1,1,same_race
3122,3247,0.08524053745639304,0,1,cross_race
3122,5738,0.17048107491278602,0,0,same_race
3122,3990,0.20510962733674362,0,1,cross_race
816,6900,0.22211688016013686,1,1,same_race
816,5617,0.26670912269668773,1,1,same_race
816,4038,0.3278162629567218,1,1,same_race
816,4232,0.3278162629567218,1,1,same_race
816,2183,0.3409621498255721,1,1,same_race
4145,4187,0.22211688016013686,0,1,cross_race
3266,3366,0.0,0,1,cross_race
3266,3784,0.0,0,0,same_race
3266,6177,0.0,0,1,cross_race
3266,3317,0.08524053745639293,0,1,cross_race
3564,4785,0.0,0,1,cross_race
3564,4841,0.22211688016013684,0,1,cross_race
887,4045,0.08524053745639293,0,0,same_race
887,4851,0.22211688016013684,0,1,cross_race
887,6553,0.22211688016013684,0,0,same_race
2103,5601,0.0,1,1,same_race
4924,7208,0.0,1,1,same_race
4924,6356,0.0,1,1,same_race
1887,2011,0.0,0,1,cross_race
1887,2103,0.0,0,1,cross_race
1887,5601,0.0,0,1,cross_race
1661,2271,1.080742415318804,1,1,same_race
1661,2821,1.6606838752485784,1,1,same_race
1661,4623,1.9417227352863864,1,1,same_race
4518,6295,0.0,1,0,cross_race
4518,5642,0.08524053745639304,1,1,same_race
2152,5984,0.08524053745639293,0,0,same_race
2152,4298,0.08524053745639293,0,1,cross_race
2152,6195,0.17048107491278597,0,0,same_race
2152,3572,0.17048107491278597,0,0,same_race
1338,4914,0.08524053745639315,1,0,cross_race
1338,3231,0.08524053745639315,1,1,same_race
1338,5099,0.17048107491278608,1,1,same_race
1338,2208,0.17048107491278608,1,1,same_race
4435,6316,0.17048107491278602,0,0,same_race
4435,7133,0.22211688016013686,0,1,cross_race
6068,7053,0.0,0,0,same_race
1461,5960,0.20510962733674362,1,1,same_race
1461,7033,0.20510962733674362,1,1,same_race
1461,5626,0.20510962733674365,1,0,cross_race
1461,6344,0.22211688016013686,1,1,same_race
4268,6075,0.08524053745639301,0,1,cross_race
268,3150,0.17048107491278602,1,1,same_race
268,4355,0.20510962733674365,1,1,same_race
268,602,0.2221168801601368,1,1,same_race
268,3526,0.22211688016013686,1,0,cross_race
268,7133,0.2667091226966877,1,1,same_race
2208,4914,0.08524053745639293,1,0,cross_race
2208,3231,0.08524053745639293,1,1,same_race
2208,4136,0.17048107491278608,1,0,cross_race
2259,6829,0.0,0,0,same_race
2259,6659,0.0,0,0,same_race
2259,5372,0.08524053745639293,0,0,same_race
3118,6658,0.20510962733674365,0,1,cross_race
3118,3620,0.2221168801601368,0,0,same_race
3118,4231,0.41898184463139465,0,1,cross_race
1319,2874,0.0,0,1,cross_race
1319,1610,0.0,0,1,cross_race
1319,5128,0.0,0,1,cross_race
1319,3036,0.08524053745639301,0,1,cross_race
1319,2291,0.08524053745639301,0,0,same_race
3771,5705,0.17048107491278602,1,0,cross_race
3771,4778,0.20510962733674362,1,1,same_race
3771,3926,0.20510962733674365,1,0,cross_race
3972,6257,0.2667091226966876,0,1,cross_race
3972,6983,0.3278162629567216,0,0,same_race
3176,5725,0.0,1,0,cross_race
3176,6788,0.08524053745639304,1,1,same_race
3176,4404,0.08524053745639304,1,1,same_race
3176,6532,0.17048107491278608,1,1,same_race
3191,6730,0.22211688016013684,1,1,same_race
3191,3327,0.22211688016013686,1,0,cross_race
3191,3570,0.22211688016013686,1,0,cross_race
5900,6841,0.08524053745639293,1,0,cross_race
5900,6053,0.08524053745639293,1,0,cross_race
3928,7120,0.08524053745639304,0,0,same_race
3928,5719,0.08524053745639304,0,1,cross_race
3928,6184,0.08524053745639304,0,1,cross_race
4127,6433,0.20510962733674365,0,1,cross_race
4127,5412,0.397900925909822,0,0,same_race
4127,4663,0.39790092590982207,0,1,cross_race
4127,5117,0.4102192546734873,0,1,cross_race
3671,6043,0.08524053745639298,1,0,cross_race
3671,3688,0.08524053745639298,1,0,cross_race
3671,3775,0.08524053745639304,1,0,cross_race
1718,3669,0.0,1,0,cross_race
1718,4412,0.20510962733674365,1,0,cross_race
1718,4490,0.22211688016013686,1,1,same_race
1624,3570,0.0,1,0,cross_race
1624,3327,0.0,1,0,cross_race
1624,1681,0.08524053745639298,1,0,cross_race
1624,7109,0.17048107491278602,1,1,same_race
1624,2248,0.17048107491278608,1,0,cross_race
4404,6788,0.0,1,1,same_race
4404,6696,0.08524053745639304,1,1,same_race
2954,3185,0.2221168801601368,1,1,same_race
2954,5117,0.22211688016013684,1,1,same_race
2954,5073,0.2557216123691791,1,1,same_race
2954,4546,0.2667091226966877,1,1,same_race
2696,3748,0.0,0,0,same_race
2696,6820,0.22211688016013692,0,0,same_race
2696,6479,0.26670912269668773,0,0,same_race
2696,6508,0.26670912269668773,0,0,same_race
1595,2771,2.2988705298193475,1,0,cross_race
1595,3015,2.4328803039859928,1,1,same_race
1595,4386,2.8452552336870873,1,1,same_race
2562,4758,0.08524053745639304,1,0,cross_race
2562,3637,0.255721612369179,1,1,same_race
6356,7208,0.0,1,1,same_race
649,6467,0.0,0,0,same_race
649,2190,0.08524053745639298,0,1,cross_race
649,2074,0.08524053745639298,0,0,same_race
649,3672,0.08524053745639298,0,0,same_race
764,6578,0.0,1,1,same_race
764,4247,0.08524053745639315,1,0,cross_race
764,5129,0.17048107491278608,1,0,cross_race
764,3158,0.3278162629567217,1,1,same_race
764,3365,0.41898184463139465,1,0,cross_race
4656,5666,0.08524053745639304,1,1,same_race
402,2011,0.0,0,1,cross_race
402,1887,0.0,0,0,same_race
402,2103,0.0,0,1,cross_race
402,5601,0.0,0,1,cross_race
4688,6705,0.17048107491278608,1,0,cross_race
1273,2500,0.0,1,0,cross_race
1273,5322,0.0,1,0,cross_race
1273,2892,0.08524053745639304,1,1,same_race
2977,6647,0.0,1,1,same_race
2977,4930,0.08524053745639303,1,1,same_race
1111,3342,0.0,1,1,same_race
1111,5360,0.0,1,1,same_race
1111,3278,0.0,1,0,cross_race
1111,2540,0.08524053745639304,1,1,same_race
2886,3071,0.08524053745639301,0,0,same_race
2886,6644,0.08524053745639301,0,0,same_race
2886,6311,0.08524053745639301,0,0,same_race
2886,6802,0.08524053745639301,0,0,same_race
5374,6850,0.0,1,1,same_race
2276,5907,0.0,0,1,cross_race
2276,2580,0.08524053745639298,0,1,cross_race
2276,5135,0.17048107491278608,0,0,same_race
405,1805,0.08524053745639293,1,1,same_race
405,6560,0.17048107491278608,1,1,same_race
405,2496,0.20510962733674365,1,1,same_race
405,6810,0.20510962733674365,1,1,same_race
6201,6770,0.0,1,0,cross_race
6201,6803,0.0,1,1,same_race
4355,5807,0.17048107491278602,1,1,same_race
2933,6506,0.2221168801601368,1,0,cross_race
2933,5204,0.2221168801601368,1,1,same_race
2933,7189,0.22211688016013686,1,1,same_race
5117,6433,0.20510962733674365,1,1,same_race
3105,4688,0.08524053745639293,1,1,same_race
3105,3120,0.08524053745639304,1,0,cross_race
3105,3416,0.20510962733674365,1,0,cross_race
3289,5265,1.0290845105632973,1,1,same_race
3289,5142,1.1105844008006844,1,1,same_race
2580,5386,0.08524053745639298,1,0,cross_race
2580,5907,0.08524053745639298,1,1,same_race
2580,4268,0.17048107491278605,1,0,cross_race
4731,5626,0.795801851819644,1,0,cross_race
4731,6344,0.8699550127443979,1,1,same_race
1813,5265,0.2667091226966877,1,1,same_race
1813,5142,0.26670912269668773,1,1,same_race
1813,2150,0.4729891012196649,1,1,same_race
1813,5493,0.5915476037913092,1,0,cross_race
2402,6723,0.0,1,0,cross_race
2402,2663,0.0,1,0,cross_race
2402,3658,0.17048107491278597,1,1,same_race
865,2011,0.0,1,1,same_race
865,1887,0.0,1,0,cross_race
865,2103,0.0,1,1,same_race
865,5601,0.0,1,1,same_race
95,649,0.0,0,0,same_race
95,6467,0.0,0,0,same_race
95,2190,0.08524053745639298,0,1,cross_race
95,2074,0.08524053745639298,0,0,same_race
95,3672,0.08524053745639298,0,0,same_race
1267,1380,0.0,0,0,same_race
1267,3509,0.08524053745639304,0,1,cross_race
1267,2602,0.17048107491278597,0,0,same_race
1301,5082,0.0,0,1,cross_race
1301,6068,0.0,0,0,same_race
1301,2394,0.0,0,1,cross_race
1301,4343,0.0,0,1,cross_race
1301,7053,0.0,0,0,same_race
1192,3175,0.08524053745639298,0,1,cross_race
1192,7049,0.08524053745639304,0,1,cross_race
1192,3053,0.17048107491278602,0,0,same_race
1192,5226,0.25572161236917906,0,0,same_race
1911,4145,0.08524053745639304,1,0,cross_race
1911,4187,0.20510962733674365,1,1,same_race
6510,6935,0.6212049438484978,1,1,same_race
6454,6679,0.48339774506876226,1,1,same_race
6454,6681,1.056949631575762,1,1,same_race
902,3789,0.0,1,1,same_race
902,2984,0.0,1,0,cross_race
902,1787,0.0,1,0,cross_race
902,6343,0.0,1,1,same_race
6319,6841,0.22211688016013675,0,0,same_race
4545,6246,0.08524053745639293,1,1,same_race
4545,5276,0.08524053745639304,1,1,same_race
3818,5542,0.22211688016013675,1,0,cross_race
3818,5685,0.255721612369179,1,1,same_race
3818,5441,0.26670912269668773,1,1,same_race
2766,5412,0.4189818446313947,1,0,cross_race
2766,4582,0.7034805048113533,1,1,same_race
2766,4127,0.7485174438063078,1,0,cross_race
2766,3147,0.7941107268639883,1,0,cross_race
4362,5166,0.08524053745639293,1,1,same_race
4362,6008,0.08524053745639315,1,0,cross_race
1952,3586,0.0,0,0,same_race
1952,5536,0.0,0,1,cross_race
1952,2448,0.0,0,1,cross_race
1952,4930,0.08524053745639301,0,1,cross_race
3036,4424,0.08524053745639301,1,0,cross_race
2476,5216,0.08524053745639304,0,1,cross_race
2476,4453,0.08524053745639304,0,0,same_race
720,6217,0.0,0,0,same_race
720,2234,0.0,0,0,same_race
720,3087,0.0,0,1,cross_race
720,6987,0.08524053745639293,0,1,cross_race
720,2396,0.08524053745639293,0,1,cross_race
2500,5322,0.0,0,0,same_race
2500,2892,0.08524053745639304,0,1,cross_race
1469,7145,2.4479152536282833,1,0,cross_race
1469,5023,2.861123889877017,1,1,same_race
1469,4047,2.8750574524188894,1,0,cross_race
1469,1493,3.073350140803288,1,1,same_race
6357,6510,2.9248621683918183,0,1,cross_race
6357,6935,3.1188198648410017,0,1,cross_race
3841,6382,0.22211688016013684,1,1,same_race
4231,6658,0.6212049438484978,1,1,same_race
1502,6382,0.3979009259098221,0,1,cross_race
1502,3841,0.4262026872819651,0,1,cross_race
1502,7088,0.6212049438484979,0,1,cross_race
1502,6941,0.6556325259134435,0,1,cross_race
3898,4082,0.17048107491278602,0,0,same_race
3898,5156,0.22211688016013686,0,1,cross_race
3898,5956,0.25572161236917906,0,0,same_race
811,2776,0.0,1,1,same_race
811,5685,0.08524053745639301,1,1,same_race
811,3523,0.17048107491278602,1,0,cross_race
811,943,0.17048107491278602,1,1,same_race
4375,5621,0.08524053745639304,0,1,cross_race
5706,6454,1.7148200658999468,1,1,same_race
5706,6679,1.9679144919884985,1,1,same_race
5183,6508,0.17048107491278586,1,0,cross_race
5183,5892,0.25572161236917923,1,0,cross_race
2179,4834,0.17048107491278597,1,0,cross_race
2179,2476,0.17048107491278608,1,0,cross_race
2179,2274,0.17048107491278608,1,1,same_race
5010,5363,0.20510962733674365,1,0,cross_race
5010,5407,0.26670912269668773,1,1,same_race
4834,6050,0.08524053745639304,0,0,same_race
4834,6074,0.17048107491278597,0,1,cross_race
1044,2625,0.08524053745639301,1,0,cross_race
1044,2660,0.22211688016013684,1,1,same_race
1044,4510,0.22211688016013684,1,0,cross_race
1044,7189,0.2667091226966877,1,1,same_race
3203,6000,2.1156286368187285,1,1,same_race
3203,3330,2.515720326816112,1,0,cross_race
6855,6978,0.0,1,1,same_race
1228,5769,0.0,1,0,cross_race
1228,5856,0.0,1,1,same_race
1228,4416,0.0,1,1,same_race
1228,4187,0.0,1,1,same_race
5204,6506,0.0,1,0,cross_race
2787,4790,0.0,0,0,same_race
2787,3835,0.0,0,1,cross_race
2787,3543,0.0,0,1,cross_race
4315,6254,0.4262026872819651,0,1,cross_race
4315,6709,0.5966837621947512,0,1,cross_race
1143,2904,0.08524053745639293,0,0,same_race
1143,4962,0.1704810749127863,0,0,same_race
1143,4765,0.4262026872819651,0,0,same_race
1143,6906,0.4262026872819651,0,0,same_race
3598,6309,0.08524053745639293,1,1,same_race
3598,3629,0.17048107491278608,1,1,same_race
3598,7094,0.2221168801601368,1,1,same_race
780,4220,0.0,0,1,cross_race
780,3930,0.0,0,1,cross_race
780,3390,0.0,0,1,cross_race
780,6832,0.0,0,1,cross_race
3087,6217,0.0,1,0,cross_race
3087,6987,0.08524053745639293,1,1,same_race
5135,5333,0.17048107491278597,0,1,cross_race
5135,5752,0.17048107491278597,0,0,same_race
5135,5907,0.17048107491278608,0,1,cross_race
473,5204,0.08524053745639301,1,1,same_race
473,6506,0.08524053745639301,1,0,cross_race
473,821,0.08524053745639301,1,0,cross_race
473,2848,0.17048107491278602,1,1,same_race
473,2273,0.17048107491278602,1,0,cross_race
1489,7141,0.20510962733674365,1,0,cross_race
1489,4623,0.4442337603202736,1,1,same_race
1489,2283,0.48339774506876215,1,1,same_race
1489,1620,0.511443224738358,1,1,same_race
1489,5189,0.5510391377724349,1,1,same_race
6614,6692,0.08524053745639303,0,1,cross_race
3594,7208,0.0,0,1,cross_race
3594,4924,0.0,0,1,cross_race
3594,6356,0.0,0,1,cross_race
6496,6806,0.41021925467348724,0,0,same_race
3076,5627,0.2221168801601368,0,1,cross_race
3076,3610,0.2221168801601368,0,1,cross_race
3076,4107,0.2221168801601368,0,0,same_race
3076,4895,0.2667091226966876,0,1,cross_race
387,3036,0.08524053745639301,1,1,same_race
387,1778,0.08524053745639301,1,1,same_race
387,2291,0.08524053745639301,1,0,cross_race
387,2874,0.17048107491278602,1,1,same_race
3247,3990,0.22211688016013684,1,1,same_race
3182,4220,0.0,0,1,cross_race
3182,3930,0.0,0,1,cross_race
3182,3390,0.0,0,1,cross_race
3182,6832,0.0,0,1,cross_race
3522,6644,0.08524053745639301,1,0,cross_race
3522,6311,0.08524053745639301,1,0,cross_race
3522,6802,0.08524053745639301,1,0,cross_race
2930,6806,2.090529022898213,1,0,cross_race
2930,6658,2.100754112111062,1,1,same_race
2215,2391,0.255721612369179,1,1,same_race
2215,3264,0.39790092590982207,1,1,same_race
2215,3870,0.3979009259098221,1,0,cross_race
4187,5769,0.0,1,0,cross_race
4187,5856,0.0,1,1,same_race
4187,4416,0.0,1,1,same_race
1420,4895,0.0,0,1,cross_race
1420,2602,0.20510962733674365,0,0,same_race
1420,5627,0.255721612369179,0,1,cross_race
1420,4107,0.255721612369179,0,0,same_race
657,4545,0.20510962733674365,1,1,same_race
657,4624,0.20510962733674365,1,0,cross_race
657,6246,0.22211688016013684,1,1,same_race
657,5276,0.22211688016013686,1,1,same_race
657,2135,0.41898184463139465,1,1,same_race
4238,6247,0.26670912269668773,0,1,cross_race
4238,4998,0.4189818446313947,0,0,same_race
4238,7026,0.8524053745639302,0,1,cross_race
3439,6872,0.08524053745639304,1,1,same_race
3439,4903,0.08524053745639304,1,0,cross_race
6057,6232,0.0,0,1,cross_race
6057,6766,0.20510962733674365,0,1,cross_race
3884,6833,0.08524053745639293,0,0,same_race
3884,6659,0.08524053745639315,0,0,same_race
3884,6829,0.08524053745639315,0,0,same_race
1579,6617,0.0,0,0,same_race
1579,6160,0.0,0,0,same_race
1579,2493,0.0,0,1,cross_race
1579,2544,0.08524053745639304,0,1,cross_race
1680,6850,0.0,0,1,cross_race
1680,5374,0.0,0,1,cross_race
1680,2799,0.0,0,1,cross_race
1680,3103,0.0,0,1,cross_race
4556,6458,0.41898184463139465,0,1,cross_race
5129,6578,0.17048107491278608,0,1,cross_race
1632,6850,0.0,0,1,cross_race
1632,5374,0.0,0,1,cross_race
1632,1668,0.0,0,0,same_race
1632,2799,0.0,0,1,cross_race
1632,3103,0.0,0,1,cross_race
819,5310,0.08524053745639301,1,1,same_race
819,6936,0.08524053745639303,1,1,same_race
819,4863,0.25572161236917906,1,1,same_race
819,2625,0.26670912269668773,1,0,cross_race
819,2155,0.26670912269668773,1,0,cross_race
5166,6008,0.17048107491278608,1,0,cross_race
2067,3266,0.0,1,0,cross_race
2067,3366,0.0,1,1,same_race
2067,3784,0.0,1,0,cross_race
2067,6177,0.0,1,1,same_race
2067,3317,0.08524053745639293,1,1,same_race
248,1813,0.2667091226966877,0,1,cross_race
248,5142,0.34096214982557205,0,1,cross_race
248,2822,0.5915476037913093,0,1,cross_race
248,2150,0.5966837621947512,0,1,cross_race
6659,6829,0.0,0,0,same_race
2378,6850,0.0,1,1,same_race
2378,5374,0.0,1,1,same_race
2378,2799,0.0,1,1,same_race
2378,3103,0.0,1,1,same_race
5483,5737,0.08524053745639304,0,0,same_race
5483,6265,0.2051096273367436,0,1,cross_race
5483,6788,0.20510962733674365,0,1,cross_race
1299,3489,0.08524053745639293,1,0,cross_race
1299,6846,0.26670912269668756,1,1,same_race
1299,5069,0.3278162629567216,1,1,same_race
1164,1836,2.8308325364597433,1,1,same_race
1164,5077,2.923221980186146,1,1,same_race
1164,6758,3.0417675502529358,1,1,same_race
1164,6515,3.259294448661134,1,1,same_race
1164,3786,3.366999010843226,1,1,same_race
192,5956,0.0,1,0,cross_race
192,6241,0.08524053745639301,1,1,same_race
192,4082,0.08524053745639304,1,0,cross_race
192,2848,0.2051096273367436,1,1,same_race
192,2273,0.2051096273367436,1,0,cross_race
2877,6523,0.08524053745639304,1,0,cross_race
2877,4334,0.08524053745639304,1,1,same_race
1187,6265,0.22211688016013686,0,1,cross_race
1187,4628,0.3278162629567218,0,0,same_race
1187,5737,0.41021925467348724,0,0,same_race
1187,5483,0.41898184463139465,0,0,same_race
1187,4197,0.4729891012196648,0,1,cross_race
4998,6247,0.6663506404804106,0,1,cross_race
4998,7026,1.0234547831894163,0,1,cross_race
5082,6068,0.0,1,0,cross_race
5082,7053,0.0,1,0,cross_race
2679,2758,0.615328882010231,1,1,same_race
2679,4386,0.7485174438063078,1,1,same_race
2679,5611,1.438295502082423,1,1,same_race
2514,6696,0.0,1,1,same_race
2514,3295,0.0,1,0,cross_race
2514,6087,0.08524053745639293,1,1,same_race
2514,4404,0.08524053745639304,1,1,same_race
3340,3868,1.186499259469777,1,1,same_race
3340,5237,3.116607187507274,1,0,cross_race
3340,6816,5.751041803384994,1,1,same_race
3340,5077,7.329410072057854,1,1,same_race
3340,6758,7.359327277140556,1,1,same_race
5542,6091,0.20510962733674365,0,0,same_race
5333,5752,0.0,1,0,cross_race
5333,6057,0.2051096273367436,1,0,cross_race
5250,6885,0.17048107491278608,1,0,cross_race
398,3221,0.08524053745639301,1,1,same_race
398,6210,0.17048107491278605,1,1,same_race
398,1899,0.25572161236917906,1,1,same_race
398,868,0.3278162629567217,1,1,same_race
398,2183,0.34096214982557205,1,1,same_race
508,7155,0.08524053745639293,0,0,same_race
508,7038,0.17048107491278586,0,0,same_race
508,1298,0.17048107491278608,0,0,same_race
508,1966,0.22211688016013684,0,1,cross_race
508,1434,0.255721612369179,0,1,cross_race
5425,6159,0.08524053745639304,1,0,cross_race
2882,7005,0.0,0,0,same_race
2882,4181,0.08524053745639293,0,0,same_race
4003,5508,0.0,1,1,same_race
4003,5648,0.0,1,1,same_race
2890,6009,0.0,0,0,same_race
1724,3934,0.5915476037913094,1,1,same_race
1724,4998,1.0432481237698445,1,0,cross_race
1724,2754,1.0569496315757616,1,1,same_race
1724,4238,1.1269495899975603,1,0,cross_race
4247,6578,0.08524053745639315,0,1,cross_race
4247,5129,0.25572161236917923,0,0,same_race
4247,6458,0.34096214982557194,0,1,cross_race
5984,6195,0.08524053745639304,0,0,same_race
5936,6634,0.22211688016013686,0,1,cross_race
4692,5363,0.2667091226966877,1,0,cross_race
4692,5407,0.397900925909822,1,1,same_race
4692,4936,0.41898184463139465,1,1,same_race
2496,5648,0.20510962733674365,1,1,same_race
2496,4003,0.20510962733674365,1,1,same_race
2496,5508,0.20510962733674365,1,1,same_race
943,5114,0.0,1,1,same_race
943,3702,0.08524053745639303,1,1,same_race
943,2776,0.17048107491278602,1,1,same_race
943,1885,0.17048107491278602,1,1,same_race
5672,6730,0.3278162629567218,1,1,same_race
561,5229,4.528046963001531,1,0,cross_race
561,3340,7.70528446925674,1,1,same_race
561,3868,7.937141609608501,1,1,same_race
561,5237,10.230111280218049,1,0,cross_race
561,6816,12.677026655185447,1,1,same_race
432,2179,0.0,1,1,same_race
432,4834,0.17048107491278597,1,0,cross_race
432,2476,0.17048107491278608,1,0,cross_race
432,2274,0.17048107491278608,1,1,same_race
2649,4804,0.34096214982557205,0,1,cross_race
2649,5699,0.34096214982557205,0,1,cross_race
2649,4140,0.6556325259134438,0,1,cross_race
5508,5648,0.0,1,1,same_race
6382,7088,0.48339774506876226,1,1,same_race
4930,6343,0.0,1,1,same_race
1327,6375,2.074829644223126,0,1,cross_race
1327,4745,2.084943167516391,0,1,cross_race
1327,1861,2.084943167516391,0,1,cross_race
1327,6532,2.084943167516391,0,1,cross_race
1020,3833,0.17048107491278602,1,0,cross_race
1020,3221,0.4189818446313947,1,1,same_race
1020,6210,0.44423376032027373,1,1,same_race
1020,4232,0.47298910121966486,1,1,same_race
3969,6295,0.0,1,0,cross_race
3969,5642,0.08524053745639304,1,1,same_race
232,5352,0.08524053745639304,1,0,cross_race
232,3808,0.08524053745639304,1,0,cross_race
232,2602,0.08524053745639304,1,0,cross_race
232,4516,0.17048107491278608,1,0,cross_race
232,4392,0.17048107491278608,1,0,cross_race
4672,5135,0.0,0,0,same_race
4672,5333,0.17048107491278597,0,1,cross_race
4672,5752,0.17048107491278597,0,0,same_race
4672,5907,0.17048107491278608,0,1,cross_race
3715,4656,0.20510962733674365,1,1,same_race
3715,5666,0.22211688016013686,1,1,same_race
3715,6097,0.25572161236917906,1,1,same_race
2932,6134,0.6385087547867916,1,1,same_race
2932,7026,0.8248547125678197,1,1,same_race
2932,4998,0.9459782024393297,1,0,cross_race
2932,4238,1.1232369451338928,1,0,cross_race
754,1886,0.0,1,1,same_race
754,5888,0.0,1,1,same_race
754,6499,0.08524053745639293,1,1,same_race
754,6132,0.08524053745639293,1,0,cross_race
1493,3203,1.2675074170218539,1,1,same_race
1493,6000,2.0006992667453543,1,1,same_race
1493,4722,2.6666378360705587,1,1,same_race
2396,6047,0.0,1,1,same_race
2396,3087,0.08524053745639293,1,1,same_race
4369,4819,0.0,1,0,cross_race
3620,4231,0.20510962733674365,0,1,cross_race
3620,6658,0.41898184463139465,0,1,cross_race
5290,6664,0.0,0,1,cross_race
5290,6954,0.08524053745639304,0,0,same_race
194,405,0.08524053745639293,1,1,same_race
194,6810,0.22211688016013684,1,1,same_race
194,2496,0.22211688016013684,1,1,same_race
194,1713,0.22211688016013684,1,1,same_race
6000,6330,2.317756912098882,1,1,same_race
3569,4532,0.08524053745639304,0,0,same_race
3569,5676,0.17048107491278602,0,1,cross_race
3569,5425,0.17048107491278602,0,1,cross_race
2847,6978,0.0,0,1,cross_race
2847,6855,0.0,0,1,cross_race
2847,5904,0.0,0,1,cross_race
5904,6978,0.0,1,1,same_race
5904,6855,0.0,1,1,same_race
3192,3317,0.0,1,1,same_race
3192,5364,0.0,1,1,same_race
3192,4721,0.0,1,1,same_race
3192,3266,0.08524053745639293,1,0,cross_race
1515,5189,0.17048107491278608,1,1,same_race
1515,2155,0.2667091226966877,1,0,cross_race
1515,1620,0.26670912269668773,1,1,same_race
1515,2150,0.39790092590982207,1,1,same_race
6210,6769,0.3278162629567218,1,1,same_race
2677,5503,0.0,0,1,cross_race
2677,7020,0.0,0,1,cross_race
4823,6195,0.0,1,0,cross_race
4823,5984,0.08524053745639304,1,0,cross_race
1222,3629,0.08524053745639304,1,1,same_race
1222,1631,0.17048107491278608,1,1,same_race
1222,6912,0.2051096273367436,1,1,same_race
1222,5457,0.2221168801601368,1,0,cross_race
1222,4272,0.2221168801601368,1,1,same_race
3368,6194,3.376876860850968,1,1,same_race
3368,7201,3.772020152514033,1,1,same_race
5719,7120,0.0,1,0,cross_race
238,459,0.0,0,0,same_race
238,5364,0.08524053745639304,0,1,cross_race
238,3317,0.08524053745639304,0,1,cross_race
238,3192,0.08524053745639304,0,1,cross_race
238,4113,0.08524053745639304,0,0,same_race
58,5613,0.17048107491278608,0,1,cross_race
58,6983,0.22211688016013684,0,0,same_race
58,2823,0.22211688016013692,0,1,cross_race
58,1096,0.255721612369179,0,0,same_race
58,3870,0.3278162629567217,0,0,same_race
6097,6810,0.17048107491278608,1,1,same_race
6097,6560,0.20510962733674365,1,1,same_race
5493,6971,0.2667091226966877,0,0,same_race
5493,7038,0.3278162629567219,0,0,same_race
2855,3881,0.0,1,0,cross_race
744,6850,0.0,1,1,same_race
744,5374,0.0,1,1,same_race
744,1668,0.0,1,0,cross_race
744,2799,0.0,1,1,same_race
744,3103,0.0,1,1,same_race
205,5980,0.0,1,1,same_race
205,2460,0.08524053745639293,1,0,cross_race
205,5449,0.08524053745639293,1,1,same_race
237,1820,1.0396214587814476,1,0,cross_race
237,1105,1.4976904662616515,1,0,cross_race
237,539,2.1759531386458457,1,0,cross_race
237,7145,2.189017467401185,1,0,cross_race
237,5023,2.2284928211704007,1,1,same_race
3279,3573,2.116710617604067,0,0,same_race
3279,6780,2.1303970128792025,0,0,same_race
4136,4914,0.08524053745639315,0,0,same_race
4136,5099,0.17048107491278608,0,1,cross_race
2729,4011,0.22211688016013684,0,0,same_race
2729,5807,0.22211688016013684,0,1,cross_race
2729,3526,0.2667091226966877,0,0,same_race
2729,4123,0.26670912269668773,0,0,same_race
2729,4355,0.3278162629567217,0,1,cross_race
1454,3312,0.5966837621947512,0,1,cross_race
1454,2578,2.1516553116608312,0,1,cross_race
1454,2121,2.2070166833942118,0,1,cross_race
1454,6681,2.2911901435315984,0,1,cross_race
1454,6114,2.308062327122109,0,1,cross_race
4517,5425,0.0,1,1,same_race
4517,4532,0.08524053745639298,1,0,cross_race
4517,6159,0.08524053745639304,1,0,cross_race
1400,2264,0.4833977450687623,1,1,same_race
1400,2467,0.5966837621947512,1,1,same_race
1400,2766,1.231572056807944,1,1,same_race
1400,3147,1.233606291070898,1,0,cross_race
2174,6765,0.08524053745639293,0,1,cross_race
2174,2537,0.17048107491278586,0,0,same_race
2174,5009,0.17048107491278586,0,0,same_race
2174,2497,0.17048107491278586,0,0,same_race
5752,6057,0.2051096273367436,0,0,same_race
5253,6182,0.0,1,0,cross_race
5253,7181,0.08524053745639293,1,1,same_race
5678,5900,0.0,0,1,cross_race
5678,6841,0.08524053745639293,0,0,same_race
5678,6053,0.08524053745639293,0,0,same_race
872,2838,0.08524053745639304,0,0,same_race
872,4819,0.08524053745639304,0,0,same_race
872,5382,0.08524053745639304,0,0,same_race
872,6043,0.08524053745639304,0,0,same_race
872,4369,0.08524053745639304,0,1,cross_race
2940,4307,0.0,1,0,cross_race
3682,6507,0.0,0,1,cross_race
3682,6614,0.08524053745639303,0,0,same_race
3682,6311,0.08524053745639303,0,0,same_race
3682,4222,0.08524053745639304,0,0,same_race
2591,6659,0.20510962733674365,0,0,same_race
2591,6829,0.20510962733674365,0,0,same_race
1207,3459,0.0,1,1,same_race
1207,5826,0.08524053745639304,1,1,same_race
1207,5508,0.08524053745639304,1,1,same_race
1207,4003,0.08524053745639304,1,1,same_race
1207,5648,0.08524053745639304,1,1,same_race
5568,6130,0.22211688016013692,1,1,same_race
2220,4077,0.0,0,1,cross_race
2220,2222,0.0,0,0,same_race
2220,5262,0.08524053745639315,0,0,same_race
2220,6519,0.17048107491278608,0,0,same_race
2220,4212,0.17048107491278608,0,1,cross_race
62,1044,0.17048107491278605,0,1,cross_race
62,2660,0.22211688016013684,0,1,cross_race
62,2625,0.25572161236917906,0,0,same_race
62,5156,0.3278162629567217,0,1,cross_race
62,4510,0.3278162629567217,0,0,same_race
2598,5250,0.08524053745639304,0,1,cross_race
2598,2806,0.08524053745639304,0,1,cross_race
2598,6885,0.08524053745639304,0,0,same_race
3104,6978,0.0,1,1,same_race
3104,6855,0.0,1,1,same_race
3104,5904,0.0,1,1,same_race
4077,5262,0.08524053745639315,1,0,cross_race
4077,6519,0.17048107491278608,1,0,cross_race
4077,4212,0.17048107491278608,1,1,same_race
3912,5613,0.2667091226966876,0,1,cross_race
3912,7088,0.3278162629567217,0,1,cross_race
3912,6983,0.48339774506876226,0,0,same_race
149,5449,0.0,1,1,same_race
149,205,0.08524053745639293,1,1,same_race
149,5980,0.08524053745639293,1,1,same_race
149,2841,0.08524053745639293,1,1,same_race
2537,5009,0.0,0,0,same_race
2537,6765,0.08524053745639293,0,1,cross_race
2537,7175,0.08524053745639293,0,0,same_race
673,3859,0.0,1,1,same_race
673,3034,0.0,1,0,cross_race
673,3018,0.0,1,1,same_race
673,4903,0.0,1,0,cross_race
3697,3921,0.0,1,1,same_race
2135,6246,0.2051096273367436,1,1,same_race
2135,4624,0.22211688016013675,1,0,cross_race
2135,4545,0.22211688016013675,1,1,same_race
2135,3820,0.255721612369179,1,1,same_race
2135,5276,0.2667091226966876,1,1,same_race
2245,5508,0.0,1,1,same_race
2245,5648,0.0,1,1,same_race
2245,3459,0.08524053745639304,1,1,same_race
1637,1930,0.0,1,0,cross_race
1637,5197,0.0,1,1,same_race
1637,4902,0.0,1,0,cross_race
1637,2172,0.0,1,1,same_race
1637,2737,0.0,1,1,same_race
2821,4644,2.045787515822032,1,1,same_race
1678,2847,0.0,1,0,cross_race
1678,6978,0.0,1,1,same_race
1678,6855,0.0,1,1,same_race
1678,5904,0.0,1,1,same_race
3295,6696,0.0,0,1,cross_race
3295,6087,0.08524053745639293,0,1,cross_race
3295,4404,0.08524053745639304,0,1,cross_race
1149,6104,0.0,0,1,cross_race
1149,4222,0.08524053745639298,0,0,same_race
1149,5659,0.08524053745639298,0,1,cross_race
3459,5826,0.08524053745639304,1,1,same_race
3459,5508,0.08524053745639304,1,1,same_race
3459,4003,0.08524053745639304,1,1,same_race
3459,5648,0.08524053745639304,1,1,same_race
2660,4510,0.17048107491278602,1,0,cross_race
2660,5956,0.20510962733674365,1,0,cross_race
700,5643,0.17048107491278602,1,1,same_race
700,3523,0.20510962733674354,1,0,cross_race
700,5685,0.22211688016013675,1,1,same_race
700,1473,0.22211688016013686,1,1,same_race
700,5542,0.25572161236917906,1,0,cross_race
1219,6770,0.0,1,0,cross_race
1219,6201,0.0,1,1,same_race
1219,6803,0.0,1,1,same_race
3228,6689,0.08524053745639301,1,1,same_race
3228,4656,0.17048107491278605,1,1,same_race
3228,5666,0.25572161236917906,1,1,same_race
3228,3534,0.26670912269668773,1,1,same_race
3228,3715,0.26670912269668773,1,1,same_race
527,946,0.0,0,0,same_race
527,6770,0.0,0,0,same_race
527,6201,0.0,0,1,cross_race
527,6803,0.0,0,1,cross_race
527,1219,0.0,0,1,cross_race
3816,6160,0.08524053745639304,0,0,same_race
2625,4510,0.20510962733674362,0,0,same_race
2625,7189,0.22211688016013684,0,1,cross_race
2625,5310,0.22211688016013686,0,1,cross_race
129,1947,0.0,0,1,cross_race
129,6676,0.0,0,1,cross_race
129,3612,0.08524053745639298,0,0,same_race
129,2806,0.08524053745639304,0,1,cross_race
129,4267,0.08524053745639304,0,1,cross_race
2831,4224,0.08524053745639304,1,0,cross_race
2831,5289,0.17048107491278608,1,1,same_race
2831,4863,0.20510962733674365,1,1,same_race
2831,3813,0.22211688016013684,1,0,cross_race
5073,6309,0.2667091226966877,1,1,same_race
420,1953,0.0,0,0,same_race
420,6119,0.0,0,1,cross_race
420,6336,0.0,0,0,same_race
420,4463,0.0,0,1,cross_race
2833,7145,3.437612750376256,1,0,cross_race
2833,5580,3.875264531843801,1,1,same_race
2833,6670,3.9188564605943847,1,1,same_race
1504,5719,0.17048107491278597,0,1,cross_race
1504,7120,0.17048107491278597,0,0,same_race
1504,6184,0.17048107491278597,0,1,cross_race
2681,4644,0.4189818446313947,1,1,same_race
2681,6785,0.9245366830287776,1,1,same_race
6628,7053,0.0,1,0,cross_race
2011,2103,0.0,1,1,same_race
2011,5601,0.0,1,1,same_race
4267,6676,0.08524053745639304,1,1,same_race
5613,6983,0.22211688016013692,1,0,cross_race
4113,5364,0.0,0,1,cross_race
4113,4721,0.0,0,1,cross_race
6194,7201,2.042321569405824,1,1,same_race
1169,6705,0.0,1,0,cross_race
1169,4688,0.17048107491278608,1,1,same_race
1169,4095,0.17048107491278608,1,1,same_race
6130,6846,0.3278162629567218,1,1,same_race
3120,4688,0.17048107491278597,0,1,cross_race
3120,6766,0.17048107491278608,0,1,cross_race
3120,3416,0.22211688016013686,0,0,same_race
4386,5276,1.0396214587814474,1,1,same_race
2190,4638,0.0,1,0,cross_race
1196,6851,0.0,0,0,same_race
1196,2589,0.08524053745639298,0,1,cross_race
1196,6072,0.08524053745639298,0,0,same_race
1196,5631,0.08524053745639298,0,0,same_race
6707,7175,0.08524053745639293,0,0,same_race
3133,6523,0.08524053745639304,1,0,cross_race
3133,4334,0.08524053745639304,1,1,same_race
2044,6880,0.08524053745639304,1,0,cross_race
2044,2511,0.08524053745639304,1,1,same_race
2044,5621,0.17048107491278597,1,1,same_race
3658,5036,0.0,1,1,same_race
3658,6922,0.0,1,0,cross_race
3658,4286,0.0,1,0,cross_race
2029,2940,0.0,1,1,same_race
2029,4307,0.0,1,0,cross_race
3808,4516,0.08524053745639304,0,0,same_race
3808,4392,0.08524053745639304,0,0,same_race
3808,4773,0.17048107491278602,0,0,same_race
315,1267,0.0,0,0,same_race
315,1380,0.0,0,0,same_race
315,3509,0.08524053745639304,0,1,cross_race
315,2602,0.17048107491278597,0,0,same_race
1413,4315,0.39790092590982207,0,0,same_race
1413,6254,0.7941107268639883,0,1,cross_race
1413,2346,0.9459782024393297,0,1,cross_race
1413,6709,0.9598175949390808,0,1,cross_race
2914,6850,0.0,1,1,same_race
2914,5374,0.0,1,1,same_race
2914,3103,0.0,1,1,same_race
3018,3859,0.0,1,1,same_race
3018,3034,0.0,1,0,cross_race
3018,4903,0.0,1,0,cross_race
3534,4656,0.20510962733674365,1,1,same_race
3534,3702,0.20510962733674365,1,1,same_race
3534,5114,0.22211688016013686,1,1,same_race
3534,5666,0.22211688016013686,1,1,same_race
4935,6644,0.0,1,0,cross_race
4935,6736,0.0,1,1,same_race
4935,6802,0.0,1,0,cross_race
757,1400,1.2807384073063786,1,1,same_race
757,1138,1.5098656893329607,1,1,same_race
757,2467,1.7064090900116125,1,1,same_race
757,2264,1.7628739860261584,1,1,same_race
757,4953,2.3055335740369305,1,1,same_race
4624,6246,0.08524053745639293,0,1,cross_race
4624,5276,0.08524053745639304,0,1,cross_race
4305,4688,0.20510962733674365,0,1,cross_race
3668,4674,0.08524053745639293,0,1,cross_race
3668,6841,0.17048107491278586,0,0,same_race
3668,6053,0.17048107491278586,0,0,same_race
5274,6407,0.08524053745639304,0,0,same_race
5274,5962,0.08524053745639304,0,1,cross_race
5274,6634,0.2667091226966877,0,1,cross_race
5503,7020,0.0,1,1,same_race
1441,3952,0.08524053745639303,1,1,same_race
1441,2027,0.08524053745639304,1,1,same_race
1441,1778,0.17048107491278605,1,1,same_race
1441,3569,0.2051096273367436,1,0,cross_race
2865,5393,0.17048107491278608,1,1,same_race
2865,5621,0.22211688016013684,1,1,same_race
2865,5289,0.22211688016013684,1,1,same_race
3610,4107,0.0,1,0,cross_race
1540,2696,0.22211688016013675,0,0,same_race
1540,3748,0.22211688016013675,0,0,same_race
1540,6858,0.26670912269668773,0,1,cross_race
1540,6508,0.4189818446313947,0,0,same_race
1540,6820,0.4442337603202737,0,0,same_race
4623,4758,0.22211688016013684,1,0,cross_race
5997,6022,0.17048107491278586,0,1,cross_race
5997,6705,0.22211688016013692,0,0,same_race
6941,7088,0.6309528281045266,1,1,same_race
4914,5099,0.08524053745639293,0,1,cross_race
4405,6912,0.08524053745639304,0,1,cross_race
4405,7017,0.17048107491278597,0,1,cross_race
4463,6119,0.0,1,1,same_race
4463,6336,0.0,1,0,cross_race
3141,4901,4.937151373184354,1,1,same_race
3141,3743,5.032212571405267,1,1,same_race
3141,6330,5.049313878314194,1,1,same_race
2505,5249,0.0,1,1,same_race
2505,5290,0.08524053745639304,1,0,cross_race
2170,6316,0.17048107491278602,0,0,same_race
2170,7133,0.22211688016013686,0,1,cross_race
1541,6091,0.08524053745639304,0,0,same_race
1541,3484,0.17048107491278608,0,0,same_race
1541,2081,0.20510962733674365,0,1,cross_race
69,5892,0.08524053745639293,1,0,cross_race
69,4765,0.08524053745639293,1,0,cross_race
69,2667,0.08524053745639293,1,0,cross_race
69,905,0.255721612369179,1,0,cross_race
69,5183,0.34096214982557216,1,1,same_race
3784,6177,0.0,0,1,cross_race
4490,6087,0.08524053745639304,1,1,same_race
2294,5216,0.0,1,1,same_race
2294,2476,0.08524053745639304,1,0,cross_race
4416,5769,0.0,1,0,cross_race
4416,5856,0.0,1,1,same_race
3835,4790,0.0,1,0,cross_race
683,1169,0.08524053745639293,0,1,cross_race
683,6705,0.08524053745639293,0,0,same_race
683,4688,0.08524053745639315,0,1,cross_race
683,3105,0.17048107491278608,0,1,cross_race
1861,4745,0.0,1,1,same_race
1861,3176,0.17048107491278608,1,1,same_race
1861,5725,0.17048107491278608,1,0,cross_race
3702,5114,0.08524053745639303,1,1,same_race
3702,3967,0.22211688016013675,1,1,same_race
3702,6329,0.22211688016013675,1,1,same_race
2984,3789,0.0,0,1,cross_race
2984,6343,0.0,0,1,cross_race
905,7050,0.08524053745639315,0,0,same_race
905,5183,0.08524053745639315,0,1,cross_race
905,2667,0.17048107491278608,0,0,same_race
905,5892,0.17048107491278608,0,0,same_race
531,4386,0.20510962733674354,1,1,same_race
531,2758,0.4729891012196648,1,1,same_race
531,657,0.6663506404804106,1,1,same_race
531,5276,0.8379636892627894,1,1,same_race
531,4545,0.8593677272577662,1,1,same_race
4923,5503,0.0,0,1,cross_race
4923,7020,0.0,0,1,cross_race
4585,6725,0.20510962733674362,1,0,cross_race
4585,6257,0.22211688016013692,1,1,same_race
4837,5253,0.47298910121966486,1,1,same_race
4837,6182,0.47298910121966486,1,0,cross_race
4837,7181,0.5510391377724349,1,1,same_race
3147,4582,0.5915476037913093,0,1,cross_race
3147,6975,0.5915476037913093,0,1,cross_race
3147,4123,0.6212049438484978,0,0,same_race
3147,5672,0.7485174438063078,0,1,cross_race
105,4222,0.0,0,0,same_race
105,774,0.0,0,1,cross_race
105,6104,0.08524053745639298,0,1,cross_race
105,1149,0.08524053745639298,0,0,same_race
543,2709,0.0,1,1,same_race
543,4117,0.0,1,0,cross_race
543,4897,0.08524053745639293,1,1,same_race
543,4842,0.08524053745639293,1,1,same_race
543,3697,0.08524053745639304,1,1,same_race
2291,3036,0.0,0,1,cross_race
2291,4424,0.08524053745639301,0,0,same_race
2291,2874,0.08524053745639301,0,1,cross_race
461,6257,0.0,1,1,same_race
461,3091,0.22211688016013684,1,1,same_race
461,4585,0.22211688016013692,1,1,same_race
461,2202,0.22211688016013692,1,1,same_race
461,3972,0.2667091226966876,1,0,cross_race
3175,7049,0.17048107491278602,1,1,same_race
3175,5226,0.17048107491278608,1,0,cross_race
4546,4663,0.22211688016013686,1,1,same_race
4546,5117,0.255721612369179,1,1,same_race
4546,6730,0.25572161236917906,1,1,same_race
4511,7116,0.17048107491278608,1,1,same_race
3967,5592,0.17048107491278602,1,1,same_race
124,3833,0.6212049438484974,1,0,cross_race
124,4140,0.6556325259134438,1,1,same_race
124,1020,0.6663506404804102,1,1,same_race
124,4804,0.6819242996511442,1,1,same_race
124,5699,0.6819242996511442,1,1,same_race
3034,3859,0.0,0,1,cross_race
3034,4903,0.0,0,0,same_race
2737,5197,0.0,1,1,same_race
2737,4902,0.0,1,0,cross_race
4895,5627,0.255721612369179,1,1,same_race
784,5372,0.0,0,0,same_race
784,6659,0.08524053745639293,0,0,same_race
784,6829,0.08524053745639293,0,0,same_race
784,2259,0.08524053745639293,0,0,same_race
2074,2190,0.0,0,1,cross_race
2074,4638,0.0,0,0,same_race
3145,5235,0.0,1,1,same_race
3145,5786,0.0,1,0,cross_race
3145,5008,0.08524053745639301,1,1,same_race
3612,6676,0.08524053745639298,0,1,cross_race
3612,4267,0.17048107491278602,0,1,cross_race
1947,6676,0.0,1,1,same_race
1947,3612,0.08524053745639298,1,0,cross_race
1947,2806,0.08524053745639304,1,1,same_race
1947,4267,0.08524053745639304,1,1,same_race
3775,5008,0.08524053745639301,0,1,cross_race
4120,6867,0.0,0,0,same_race
4120,5226,0.08524053745639301,0,0,same_race
4120,6605,0.17048107491278602,0,0,same_race
1105,1820,0.724093467013585,0,0,same_race
1105,2930,0.8204385093469745,0,1,cross_race
1105,3330,2.1149935908772717,0,0,same_race
1105,4231,2.115900670271485,0,1,cross_race
1241,5993,2.076579880903434,0,0,same_race
1241,6114,2.076579880903434,0,1,cross_race
1241,5111,2.076579880903434,0,1,cross_race
286,4334,0.0,1,1,same_race
286,6523,0.0,1,0,cross_race
286,2877,0.08524053745639304,1,1,same_race
286,3133,0.08524053745639304,1,1,same_race
286,2261,0.08524053745639304,1,0,cross_race
3573,6780,0.8379636892627893,0,0,same_race
3573,6730,2.076579880903434,0,1,cross_race
3573,4283,2.0866849213523198,0,1,cross_race
2351,2540,0.0,0,1,cross_race
2351,6328,0.0,0,0,same_race
2351,4903,0.08524053745639293,0,0,same_race
5355,6009,0.0,1,0,cross_race
4392,5361,0.08524053745639298,0,0,same_race
4392,4773,0.08524053745639298,0,0,same_race
4392,5352,0.08524053745639304,0,0,same_race
4745,5725,0.17048107491278608,1,0,cross_race
6679,6681,0.8001273680900631,1,1,same_race
3669,4412,0.20510962733674365,0,0,same_race
3669,4490,0.22211688016013686,0,1,cross_race
6736,6802,0.0,1,0,cross_race
143,4253,0.0,0,0,same_race
143,5719,0.0,0,1,cross_race
143,7120,0.0,0,0,same_race
143,3607,0.0,0,0,same_race
2257,5008,0.0,0,1,cross_race
2257,3775,0.08524053745639301,0,0,same_race
2257,3145,0.08524053745639301,0,1,cross_race
2257,5786,0.08524053745639301,0,0,same_race
1953,6119,0.0,0,1,cross_race
1953,6336,0.0,0,0,same_race
1953,4463,0.0,0,1,cross_race
945,6091,0.08524053745639304,0,0,same_race
945,3484,0.17048107491278608,0,0,same_race
945,2081,0.20510962733674365,0,1,cross_race
1368,3436,0.17048107491278602,1,1,same_race
1368,2248,0.2051096273367436,1,0,cross_race
1368,5226,0.20510962733674365,1,0,cross_race
2843,4813,0.08524053745639304,1,1,same_race
2843,5888,0.08524053745639304,1,1,same_race
2843,5290,0.08524053745639304,1,0,cross_race
2099,5441,0.22211688016013686,1,1,same_race
2099,6689,0.25572161236917906,1,1,same_race
2099,2566,0.3278162629567218,1,1,same_race
2099,2974,0.3278162629567218,1,1,same_race
2776,5685,0.08524053745639301,1,1,same_race
2776,3523,0.17048107491278602,1,0,cross_race
1472,2575,0.0,0,1,cross_race
1472,2551,0.0,0,1,cross_race
1472,7079,0.08524053745639293,0,1,cross_race
1472,5642,0.08524053745639293,0,1,cross_race
3930,4220,0.0,1,1,same_race
3930,6832,0.0,1,1,same_race
3600,7117,1.0396214587814476,0,0,same_race
3600,6941,1.2459130001520609,0,1,cross_race
3600,3972,1.2949550320546017,0,0,same_race
960,2540,0.0,1,1,same_race
960,6328,0.0,1,0,cross_race
960,2351,0.0,1,0,cross_race
960,1239,0.08524053745639293,1,1,same_race
960,4903,0.08524053745639293,1,0,cross_race
2115,6287,0.0,1,0,cross_race
2115,7006,0.08524053745639304,1,1,same_race
2115,6554,0.17048107491278608,1,0,cross_race
2115,6458,0.17048107491278608,1,1,same_race
2115,2652,0.22211688016013686,1,0,cross_race
3607,4253,0.0,0,0,same_race
3607,5719,0.0,0,1,cross_race
3607,7120,0.0,0,0,same_race
5457,7094,0.08524053745639304,0,1,cross_race
5457,6912,0.08524053745639304,0,1,cross_race
2202,3091,0.17048107491278608,1,1,same_race
2202,6983,0.20510962733674354,1,0,cross_race
2202,6257,0.22211688016013692,1,1,same_race
2202,3972,0.255721612369179,1,0,cross_race
5310,6936,0.17048107491278605,1,1,same_race
2709,4117,0.0,1,0,cross_race
2709,4897,0.08524053745639293,1,1,same_race
2709,4842,0.08524053745639293,1,1,same_race
2709,3697,0.08524053745639304,1,1,same_race
5340,6850,0.0,0,1,cross_race
5340,5374,0.0,0,1,cross_race
766,5626,0.17048107491278608,1,0,cross_race
766,6344,0.2557216123691791,1,1,same_race
766,1461,0.26670912269668773,1,1,same_race
766,7033,0.4442337603202737,1,1,same_race
3572,4823,0.0,0,1,cross_race
3572,6195,0.0,0,0,same_race
3572,5984,0.08524053745639304,0,0,same_race
3572,4298,0.08524053745639304,0,1,cross_race
5226,6867,0.08524053745639301,0,0,same_race
2480,2598,0.0,0,0,same_race
2480,5250,0.08524053745639304,0,1,cross_race
2480,2806,0.08524053745639304,0,1,cross_race
2480,6885,0.08524053745639304,0,0,same_race
1221,7208,0.0,1,1,same_race
1221,3594,0.0,1,0,cross_race
1221,4924,0.0,1,1,same_race
1221,6356,0.0,1,1,same_race
4353,7143,0.2051096273367436,1,1,same_race
4353,4511,0.2051096273367436,1,1,same_race
4353,7116,0.2667091226966877,1,1,same_race
2492,4268,0.0,0,0,same_race
2492,6075,0.08524053745639301,0,1,cross_race
2492,2580,0.17048107491278605,0,1,cross_race
2492,3036,0.2051096273367436,0,1,cross_race
1968,6319,0.0,0,0,same_race
1968,4674,0.2051096273367436,0,1,cross_race
1968,6841,0.22211688016013675,0,0,same_race
1968,2522,0.22211688016013675,0,0,same_race
2222,4077,0.0,0,1,cross_race
2222,5262,0.08524053745639315,0,0,same_race
2222,6519,0.17048107491278608,0,0,same_race
2222,4212,0.17048107491278608,0,1,cross_race
5069,6846,0.08524053745639304,1,1,same_race
5108,6089,0.6556325259134436,0,0,same_race
5108,7212,0.7485174438063079,0,1,cross_race
6287,7006,0.08524053745639304,0,1,cross_race
6287,6554,0.17048107491278608,0,0,same_race
6287,6458,0.17048107491278608,0,1,cross_race
4047,5023,0.08524053745639304,0,1,cross_race
4047,4231,1.029084510563297,0,1,cross_race
4047,7145,1.3023698640517645,0,0,same_race
2268,2672,0.5334182453933755,1,1,same_race
2268,6769,0.5334182453933755,1,1,same_race
2268,3841,0.5915476037913094,1,1,same_race
2268,6210,0.6309528281045266,1,1,same_race
2838,4819,0.0,0,0,same_race
2838,4369,0.0,0,1,cross_race
2838,4334,0.17048107491278597,0,1,cross_race
6664,6954,0.08524053745639304,1,0,cross_race
4510,7189,0.08524053745639301,0,1,cross_race
4510,6241,0.22211688016013686,0,1,cross_race
1846,5169,0.08524053745639304,1,1,same_race
1846,3342,0.08524053745639304,1,1,same_race
1846,6201,0.08524053745639304,1,1,same_race
1846,5360,0.08524053745639304,1,1,same_race
2391,3870,0.22211688016013692,1,0,cross_race
2823,6983,0.17048107491278608,1,0,cross_race
862,2150,0.22211688016013686,1,1,same_race
862,5142,0.39790092590982207,1,1,same_race
862,6785,0.4262026872819651,1,1,same_race
862,1620,0.47298910121966486,1,1,same_race
862,1515,0.4833977450687623,1,1,same_race
2080,2720,0.17048107491278586,0,1,cross_race
2080,6519,0.20510962733674365,0,0,same_race
2080,4212,0.20510962733674365,0,1,cross_race
2080,2850,0.22211688016013684,0,0,same_race
2080,4617,0.22211688016013684,0,0,same_race
7038,7155,0.08524053745639293,0,0,same_race
5643,5685,0.22211688016013675,1,1,same_race
6770,6803,0.0,0,1,cross_race
2183,4038,0.22211688016013686,1,1,same_race
2183,4232,0.22211688016013686,1,1,same_race
2183,5617,0.26670912269668773,1,1,same_race
1545,4490,0.0,1,1,same_race
1545,2253,0.0,1,1,same_race
1545,6087,0.08524053745639304,1,1,same_race
1545,4412,0.08524053745639304,1,0,cross_race
226,1713,0.20510962733674365,1,1,same_race
226,6810,0.20510962733674365,1,1,same_race
226,6097,0.26670912269668773,1,1,same_race
226,2795,0.3278162629567218,1,1,same_race
226,2223,0.3979009259098221,1,1,same_race
180,6841,0.20510962733674365,0,0,same_race
180,6053,0.20510962733674365,0,0,same_race
180,2522,0.20510962733674365,0,0,same_race
180,5900,0.22211688016013684,0,1,cross_race
2522,6053,0.0,0,0,same_race
2522,5900,0.08524053745639293,0,1,cross_race
2522,4674,0.08524053745639293,0,1,cross_race
2522,5678,0.08524053745639293,0,0,same_race
3952,4424,0.17048107491278602,1,0,cross_race
2942,6670,2.296103127665928,1,1,same_race
2942,3653,2.5068819946590244,1,1,same_race
2942,6529,2.7542580362629856,1,1,same_race
2942,6477,2.779206787126586,1,0,cross_race
2942,5578,2.9595407478853524,1,0,cross_race
2392,5036,0.0,1,1,same_race
2392,6922,0.0,1,0,cross_race
2392,4286,0.0,1,0,cross_race
2392,3658,0.0,1,1,same_race
2663,6723,0.0,0,0,same_race
2663,3658,0.17048107491278597,0,1,cross_race
2652,7006,0.20510962733674365,0,1,cross_race
2652,6554,0.22211688016013686,0,0,same_race
2652,6287,0.22211688016013686,0,0,same_race
2262,2598,0.0,0,0,same_race
2262,5250,0.08524053745639304,0,1,cross_race
2262,2806,0.08524053745639304,0,1,cross_race
2262,6885,0.08524053745639304,0,0,same_race
4691,5226,0.20510962733674365,1,0,cross_race
946,6770,0.0,0,0,same_race
946,6201,0.0,0,1,cross_race
946,6803,0.0,0,1,cross_race
946,1219,0.0,0,1,cross_race
1001,5069,0.0,0,1,cross_race
1001,6846,0.08524053745639304,0,1,cross_race
1001,4732,0.08524053745639304,0,0,same_race
1001,3258,0.17048107491278597,0,1,cross_race
1001,4699,0.22211688016013675,0,1,cross_race
2454,4181,0.20510962733674365,0,0,same_race
2454,2882,0.22211688016013684,0,0,same_race
2454,7005,0.22211688016013684,0,0,same_race
4674,6841,0.08524053745639293,1,0,cross_race
4674,6053,0.08524053745639293,1,0,cross_race
4674,5900,0.17048107491278586,1,1,same_race
4140,5699,0.4442337603202742,1,1,same_race
4140,4804,0.4442337603202742,1,1,same_race
6554,7006,0.08524053745639304,0,1,cross_race
4045,4851,0.20510962733674365,0,1,cross_race
4045,6553,0.20510962733674365,0,0,same_race
625,1038,0.6556325259134435,1,1,same_race
625,1502,0.6556325259134435,1,0,cross_race
625,6941,0.8204385093469746,1,1,same_race
625,3841,1.0234547831894163,1,1,same_race
2169,3870,0.17048107491278608,0,0,same_race
2169,2391,0.22211688016013684,0,1,cross_race
2169,2215,0.26670912269668773,0,1,cross_race
2224,4776,0.0,0,1,cross_race
2224,2294,0.17048107491278597,0,1,cross_race
2224,5216,0.17048107491278597,0,1,cross_race
2224,4453,0.17048107491278597,0,0,same_race
2224,6132,0.20510962733674365,0,0,same_race
4620,5077,2.5320736861996913,1,1,same_race
4620,6758,2.6185771068544947,1,1,same_race
4620,6515,2.8069255378443816,1,1,same_race
4620,6816,2.998576676198022,1,1,same_race
3355,6850,0.0,0,1,cross_race
3355,5374,0.0,0,1,cross_race
235,6833,0.08524053745639293,1,0,cross_race
235,3884,0.17048107491278586,1,0,cross_race
235,1958,0.17048107491278586,1,1,same_race
235,2259,0.255721612369179,1,0,cross_race
235,6829,0.255721612369179,1,0,cross_race
3653,6529,0.41898184463139465,1,1,same_race
3653,6477,0.4442337603202737,1,0,cross_race
3653,5578,0.7034805048113534,1,0,cross_race
3653,4231,2.0765798809034335,1,1,same_race
3672,4638,0.0,0,0,same_race
4532,5676,0.08524053745639298,0,1,cross_race
4532,5425,0.08524053745639298,0,1,cross_race
833,5706,1.8898828658957585,1,1,same_race
833,4998,2.452363540877165,1,0,cross_race
833,2288,2.515720326816112,1,1,same_race
833,4238,2.515720326816112,1,0,cross_race
833,2932,2.539693660695099,1,1,same_race
5350,6707,0.08524053745639293,0,0,same_race
1389,2454,0.2051096273367436,0,0,same_race
1389,6332,0.22211688016013684,0,0,same_race
1389,2720,0.32781626295672184,0,1,cross_race
1389,1816,0.41021925467348724,0,0,same_race
1389,4181,0.41021925467348724,0,0,same_race
1930,5197,0.0,0,1,cross_race
1930,4902,0.0,0,0,same_race
1930,2172,0.0,0,1,cross_race
1930,2737,0.0,0,1,cross_race
2511,5621,0.08524053745639293,1,1,same_race
2511,4375,0.17048107491278597,1,0,cross_race
1254,5705,0.0,1,0,cross_race
1254,2091,0.17048107491278602,1,1,same_race
1254,3771,0.17048107491278602,1,1,same_race
1254,3741,0.22211688016013686,1,1,same_race
1254,1473,0.22211688016013686,1,1,same_race
3111,6723,0.17048107491278608,0,0,same_race
6670,7145,2.3493604614820214,1,0,cross_race
1521,3141,5.308269484132428,1,1,same_race
1521,2469,5.805717029519822,1,1,same_race
1521,5131,7.350528868945969,1,1,same_race
1521,1595,7.431752181658897,1,1,same_race
106,1286,0.0,0,1,cross_race
106,602,0.08524053745639298,0,1,cross_race
106,6316,0.22211688016013686,0,0,same_race
5009,6765,0.08524053745639293,0,1,cross_race
5009,7175,0.08524053745639293,0,0,same_race
5666,6560,0.17048107491278602,1,1,same_race
4492,5197,0.0,0,1,cross_race
4492,4902,0.0,0,0,same_race
4095,6705,0.17048107491278608,1,0,cross_race
4095,5997,0.22211688016013684,1,0,cross_race
4095,6022,0.22211688016013684,1,1,same_race
821,5204,0.0,0,1,cross_race
821,6506,0.0,0,0,same_race
821,3522,0.20510962733674365,0,1,cross_race
821,2886,0.20510962733674365,0,0,same_race
222,5372,0.0,1,0,cross_race
222,6659,0.08524053745639293,1,0,cross_race
222,6829,0.08524053745639293,1,0,cross_race
222,2259,0.08524053745639293,1,0,cross_race
5363,5407,0.17048107491278605,0,1,cross_race
3185,4546,0.08524053745639304,1,1,same_race
3185,5117,0.17048107491278597,1,1,same_race
3185,6433,0.2667091226966877,1,1,same_race
3185,4663,0.26670912269668773,1,1,same_race
4727,4778,0.08524053745639303,1,1,same_race
5111,5993,0.0,1,0,cross_race
1979,4713,0.0,1,1,same_race
1979,6546,0.0,1,1,same_race
1979,6008,0.0,1,0,cross_race
1979,2864,0.0,1,1,same_race
4699,4732,0.20510962733674354,1,0,cross_race
4699,5069,0.22211688016013675,1,1,same_race
565,945,0.08524053745639304,0,0,same_race
565,1541,0.08524053745639304,0,0,same_race
565,3484,0.08524053745639304,0,0,same_race
565,5542,0.20510962733674365,0,0,same_race
5611,7201,0.41898184463139426,1,1,same_race
5611,6900,1.9845823282577415,1,1,same_race
2771,3015,0.2667091226966877,0,1,cross_race
2771,4353,1.9417227352863864,0,1,cross_race
2771,7116,1.9450689815661668,0,1,cross_race
4936,5719,0.17048107491278597,1,1,same_race
4936,7120,0.17048107491278597,1,0,cross_race
4936,6184,0.17048107491278597,1,1,same_race
44,2892,0.0,1,1,same_race
44,2500,0.08524053745639304,1,0,cross_race
44,2589,0.08524053745639304,1,1,same_race
44,1273,0.08524053745639304,1,1,same_race
3231,5099,0.08524053745639293,1,1,same_race
3231,4136,0.08524053745639315,1,0,cross_race
3833,4232,0.3278162629567218,0,1,cross_race
3833,4038,0.3278162629567218,0,1,cross_race
1298,7155,0.255721612369179,0,0,same_race
1298,6332,0.26670912269668773,0,0,same_race
1298,1966,0.3278162629567217,0,1,cross_race
1298,7038,0.34096214982557194,0,0,same_race
715,1953,0.0,1,0,cross_race
715,6119,0.0,1,1,same_race
715,6336,0.0,1,0,cross_race
715,4463,0.0,1,1,same_race
3312,6114,2.136405166902003,1,1,same_race
3312,5111,2.136405166902003,1,1,same_race
138,7204,0.08524053745639298,0,1,cross_race
138,6880,0.17048107491278602,0,0,same_race
138,2933,0.17048107491278608,0,1,cross_race
138,3612,0.2051096273367436,0,0,same_race
138,3813,0.20510962733674365,0,0,same_race
4721,5364,0.0,1,1,same_race
3546,5226,0.0,1,0,cross_race
3546,6867,0.08524053745639301,1,0,cross_race
3546,4120,0.08524053745639301,1,0,cross_race
1269,6850,0.0,0,1,cross_race
1269,5374,0.0,0,1,cross_race
1269,1668,0.0,0,0,same_race
1269,2799,0.0,0,1,cross_race
1269,3103,0.0,0,1,cross_race
2667,4765,0.17048107491278586,0,0,same_race
2667,5183,0.25572161236917923,0,1,cross_race
20,625,0.48339774506876243,1,1,same_race
20,6941,0.48339774506876243,1,1,same_race
20,1502,0.7671648371075372,1,0,cross_race
20,3912,1.0144707288465096,1,0,cross_race
20,7088,1.0512966068724063,1,1,same_race
4943,6770,0.0,0,0,same_race
4943,6201,0.0,0,1,cross_race
4943,6803,0.0,0,1,cross_race
5479,6850,0.0,1,1,same_race
1876,2011,0.0,1,1,same_race
1876,1887,0.0,1,0,cross_race
1876,2103,0.0,1,1,same_race
1876,5601,0.0,1,1,same_race
3741,3926,0.08524053745639301,1,0,cross_race
3741,3771,0.22211688016013686,1,1,same_race
3741,5705,0.22211688016013686,1,0,cross_race
6073,6235,0.41021925467348724,0,0,same_race
2121,5993,0.3278162629567218,1,0,cross_race
2121,6114,0.3278162629567218,1,1,same_race
2121,5111,0.3278162629567218,1,1,same_race
2121,2578,0.3278162629567218,1,1,same_race
3859,4903,0.0,1,0,cross_race
1434,7038,0.08524053745639315,1,0,cross_race
1434,7155,0.17048107491278608,1,0,cross_race
1434,1966,0.26670912269668773,1,1,same_race
1434,5493,0.26670912269668773,1,0,cross_race
539,3330,0.6212049438484978,0,0,same_race
539,6496,1.4458533117118395,0,0,same_race
539,4722,1.506034250333269,0,1,cross_race
539,6806,1.8538420898844283,0,0,same_race
4317,6073,0.5334182453933753,0,0,same_race
4317,6975,0.7671648371075372,0,1,cross_race
4317,6235,0.8884675206405475,0,0,same_race
4450,4692,0.17048107491278602,0,1,cross_race
4450,5363,0.2051096273367436,0,0,same_race
4450,5407,0.2667091226966877,0,1,cross_race
4450,5010,0.41021925467348724,0,1,cross_race
276,4790,0.0,0,0,same_race
276,3835,0.0,0,1,cross_race
276,2787,0.0,0,0,same_race
276,3543,0.0,0,1,cross_race
1610,2874,0.0,1,1,same_race
1610,5128,0.0,1,1,same_race
1610,3036,0.08524053745639301,1,1,same_race
1610,2291,0.08524053745639301,1,0,cross_race
3010,3241,0.0,1,1,same_race
3010,5515,0.08524053745639304,1,0,cross_race
3010,3921,0.08524053745639304,1,1,same_race
3010,3697,0.08524053745639304,1,1,same_race
2460,5449,0.0,0,1,cross_race
2460,5980,0.08524053745639293,0,1,cross_race
2460,2841,0.08524053745639293,0,1,cross_race
6316,6605,0.17048107491278605,0,0,same_race
312,4283,0.08524053745639303,1,1,same_race
312,5672,0.17048107491278605,1,1,same_race
312,6730,0.22211688016013686,1,1,same_race
312,4663,0.25572161236917906,1,1,same_race
312,4582,0.26670912269668773,1,1,same_race
3330,6496,0.8593677272577662,0,0,same_race
3330,6806,1.2569455338941842,0,0,same_race
6087,6696,0.08524053745639293,1,1,same_race
4713,6546,0.0,1,1,same_race
4713,6008,0.0,1,0,cross_race
947,1861,1.9361015812840199,0,1,cross_race
947,6532,1.9361015812840199,0,1,cross_race
947,4745,1.9361015812840199,0,1,cross_race
947,1175,1.9417227352863864,0,1,cross_race
947,6375,1.9469358726667656,0,1,cross_race
2497,2537,0.0,0,0,same_race
2497,5009,0.0,0,0,same_race
2497,6765,0.08524053745639293,0,1,cross_race
2497,7175,0.08524053745639293,0,0,same_race
1152,4490,0.0,0,1,cross_race
1152,2253,0.0,0,1,cross_race
1152,6087,0.08524053745639304,0,1,cross_race
1152,4412,0.08524053745639304,0,0,same_race
3327,3570,0.0,0,0,same_race
3327,7109,0.17048107491278602,0,1,cross_race
3868,5237,3.3041752791915253,1,0,cross_race
3868,6816,6.20855181532867,1,1,same_race
3868,6758,7.34061850907256,1,1,same_race
3868,5077,7.388626609869184,1,1,same_race
602,7133,0.08524053745639298,1,1,same_race
602,1286,0.08524053745639298,1,1,same_race
602,6316,0.20510962733674365,1,0,cross_race
1462,5108,0.2667091226966877,0,0,same_race
1462,6089,0.7034805048113533,0,0,same_race
1462,4628,0.8571237630020784,0,0,same_race
1462,7212,0.8593677272577661,0,1,cross_race
4412,4490,0.08524053745639304,0,1,cross_race
179,5884,0.794110726863988,0,0,same_race
179,2174,1.2949550320546017,0,0,same_race
179,4909,1.3335456134834387,0,1,cross_race
179,6765,1.3791856151530262,0,1,cross_race
179,1675,1.4490891367586811,0,1,cross_race
537,5235,0.0,1,1,same_race
537,5786,0.0,1,0,cross_race
537,2257,0.08524053745639301,1,0,cross_race
537,5008,0.08524053745639301,1,1,same_race
2754,4140,0.26670912269668773,1,1,same_race
2754,5699,0.7034805048113537,1,1,same_race
2754,4804,0.7034805048113537,1,1,same_race
3523,5685,0.08524053745639301,0,1,cross_race
3523,3818,0.17048107491278602,0,1,cross_race
2493,6617,0.0,1,0,cross_race
2493,6160,0.0,1,0,cross_race
2493,2544,0.08524053745639304,1,1,same_race
1675,5009,0.20510962733674365,1,0,cross_race
1675,2497,0.20510962733674365,1,0,cross_race
1675,2537,0.20510962733674365,1,0,cross_race
1675,6765,0.22211688016013684,1,1,same_race
6089,7212,0.22211688016013684,0,1,cross_race
3268,3569,0.08524053745639303,0,0,same_race
3268,6075,0.17048107491278602,0,1,cross_race
3268,4532,0.17048107491278608,0,0,same_race
5956,6241,0.08524053745639301,0,1,cross_race
4181,7005,0.08524053745639293,0,0,same_race
3530,6770,0.0,1,0,cross_race
3530,6201,0.0,1,1,same_race
3530,6803,0.0,1,1,same_race
5839,6647,0.0,1,1,same_race
2139,5859,0.0,1,0,cross_race
2139,7007,0.08524053745639304,1,1,same_race
2139,2392,0.08524053745639304,1,1,same_race
2139,3658,0.08524053745639304,1,1,same_race
2139,4286,0.08524053745639304,1,0,cross_race
99,4045,0.08524053745639293,1,0,cross_race
99,4851,0.22211688016013684,1,1,same_race
99,6553,0.22211688016013684,1,0,cross_race
99,720,0.26670912269668773,1,0,cross_race
3526,5807,0.08524053745639298,0,1,cross_race
3526,4355,0.08524053745639304,0,1,cross_race
3526,4011,0.25572161236917906,0,0,same_race
2085,2505,0.0,1,1,same_race
2085,5249,0.0,1,1,same_race
2085,5290,0.08524053745639304,1,0,cross_race
1556,6850,0.0,0,1,cross_race
1556,5374,0.0,0,1,cross_race
1556,1668,0.0,0,0,same_race
1556,2799,0.0,0,1,cross_race
1556,3103,0.0,0,1,cross_race
1383,5250,0.0,0,1,cross_race
1383,2598,0.08524053745639304,0,0,same_race
1383,2480,0.08524053745639304,0,0,same_race
1383,2262,0.08524053745639304,0,0,same_race
1383,6885,0.17048107491278608,0,0,same_race
3484,6091,0.08524053745639304,0,0,same_race
3484,3990,0.20510962733674365,0,1,cross_race
1601,2537,0.0,0,0,same_race
1601,5009,0.0,0,0,same_race
1601,6765,0.08524053745639293,0,1,cross_race
1601,7175,0.08524053745639293,0,0,same_race
6709,7116,0.08524053745639304,1,1,same_race
442,1241,0.08524053745639315,1,0,cross_race
442,596,2.074829644223126,1,1,same_race
442,5993,2.074829644223126,1,0,cross_race
442,6114,2.074829644223126,1,1,same_race
442,5111,2.074829644223126,1,1,same_race
360,6705,0.0,1,0,cross_race
360,683,0.08524053745639293,1,0,cross_race
360,4688,0.17048107491278608,1,1,same_race
360,4095,0.17048107491278608,1,1,same_race
3258,4732,0.08524053745639293,1,0,cross_race
3258,5069,0.17048107491278597,1,1,same_race
3258,5542,0.17048107491278608,1,0,cross_race
3258,4699,0.22211688016013673,1,1,same_race
3543,4790,0.0,1,0,cross_race
3543,3835,0.0,1,1,same_race
5156,5787,0.22211688016013686,1,1,same_race
5578,6477,0.26670912269668773,0,0,same_race
5578,6529,0.3278162629567218,0,1,cross_race
5578,6658,2.1026586123669095,0,1,cross_race
1776,1816,0.08524053745639315,1,0,cross_race
1776,4181,0.08524053745639315,1,0,cross_race
1776,2882,0.17048107491278608,1,0,cross_race
1776,7005,0.17048107491278608,1,0,cross_race
2974,3264,0.22211688016013686,1,1,same_race
2974,4699,0.2667091226966877,1,1,same_race
2974,3818,0.26670912269668773,1,1,same_race
5725,6788,0.08524053745639304,0,1,cross_race
5725,6532,0.17048107491278608,0,1,cross_race
5372,6659,0.08524053745639293,0,0,same_race
5372,6829,0.08524053745639293,0,0,same_race
2081,3990,0.17048107491278608,1,1,same_race
2081,3247,0.22211688016013684,1,1,same_race
4286,5036,0.0,0,1,cross_race
4286,6922,0.0,0,0,same_race
102,6316,0.08524053745639298,0,0,same_race
102,2170,0.08524053745639304,0,0,same_race
102,4435,0.08524053745639304,0,0,same_race
102,4670,0.17048107491278602,0,1,cross_race
102,7133,0.20510962733674365,0,1,cross_race
1403,4375,0.0,0,0,same_race
1403,1890,0.08524053745639304,0,1,cross_race
1403,5621,0.08524053745639304,0,1,cross_race
1403,4187,0.08524053745639304,0,1,cross_race
6376,6499,0.08524053745639315,1,1,same_race
6479,6820,0.08524053745639293,0,0,same_race
6479,7120,0.2557216123691791,0,0,same_race
2223,3715,0.08524053745639304,1,1,same_race
2223,6097,0.17048107491278602,1,1,same_race
2223,5666,0.20510962733674365,1,1,same_race
2223,2541,0.22211688016013686,1,1,same_race
2223,4656,0.22211688016013686,1,1,same_race
4932,6546,0.0,1,1,same_race
4932,6008,0.0,1,0,cross_race
4776,5216,0.17048107491278597,1,1,same_race
4776,6132,0.20510962733674365,1,0,cross_race
329,2044,0.0,0,1,cross_race
329,6880,0.08524053745639304,0,0,same_race
329,2511,0.08524053745639304,0,1,cross_race
329,1949,0.17048107491278597,0,1,cross_race
329,5621,0.17048107491278597,0,1,cross_race
735,5503,0.0,1,1,same_race
735,906,0.0,1,0,cross_race
735,2677,0.0,1,0,cross_race
735,7020,0.0,1,1,same_race
2155,5189,0.20510962733674354,0,1,cross_race
2155,4863,0.22211688016013686,0,1,cross_race
2155,6936,0.22211688016013686,0,1,cross_race
2155,2283,0.25572161236917906,0,1,cross_race
1082,4731,0.5915476037913094,1,1,same_race
1082,5626,0.859367727257766,1,0,cross_race
1082,6344,0.8884675206405473,1,1,same_race
2810,7208,0.0,0,1,cross_race
2810,3594,0.0,0,0,same_race
2810,4924,0.0,0,1,cross_race
2810,6356,0.0,0,1,cross_race
1138,2467,0.25572161236917906,1,1,same_race
1138,1400,0.3409621498255721,1,1,same_race
1138,2264,0.4189818446313947,1,1,same_race
1138,2766,1.080742415318804,1,1,same_race
1138,3147,1.3023698640517645,1,0,cross_race
904,1327,0.6556325259134435,0,0,same_race
904,1187,2.081821762171412,0,0,same_race
904,4197,2.1005669603242776,0,1,cross_race
904,6265,2.1005669603242776,0,1,cross_race
904,1718,2.116710617604067,0,1,cross_race
4912,5503,0.0,0,1,cross_race
4912,7020,0.0,0,1,cross_race
5842,6519,0.17048107491278586,0,0,same_race
1960,5613,0.17048107491278586,1,1,same_race
1960,3912,0.20510962733674365,1,0,cross_race
1960,6983,0.3278162629567217,1,0,cross_race
1960,3972,0.4102192546734872,1,0,cross_race
1646,7201,0.9245366830287776,1,1,same_race
1646,5611,1.3327012809608207,1,1,same_race
1646,2754,1.952525835924909,1,1,same_race
1646,4140,2.0064292682133535,1,1,same_race
5962,6407,0.17048107491278608,1,0,cross_race
5962,6634,0.22211688016013675,1,1,same_race
6458,7006,0.2557216123691791,1,1,same_race
6132,6376,0.08524053745639315,0,1,cross_race
471,4837,0.8248547125678197,1,1,same_race
471,3289,1.12694958999756,1,1,same_race
471,6182,1.1460031207576256,1,0,cross_race
471,5253,1.1460031207576256,1,1,same_race
471,7181,1.1864992594697767,1,1,same_race
3637,4758,0.17048107491278597,1,0,cross_race
3053,5226,0.08524053745639303,0,0,same_race
3053,3546,0.08524053745639303,0,1,cross_race
3053,3175,0.08524053745639304,0,1,cross_race
5370,6770,0.0,1,0,cross_race
5370,6201,0.0,1,1,same_race
5370,6803,0.0,1,1,same_race
6935,7017,1.9361015812840199,1,1,same_race
5926,7044,0.5510391377724353,0,1,cross_race
5926,7117,0.5915476037913093,0,0,same_race
2570,6658,0.17048107491278608,1,1,same_race
2570,3118,0.26670912269668773,1,0,cross_race
2570,2710,0.34096214982557216,1,1,same_race
2570,3620,0.41898184463139465,1,0,cross_race
2570,4231,0.6212049438484978,1,1,same_race
2602,6263,0.17048107491278597,0,0,same_race
1270,3439,0.0,1,1,same_race
1270,6872,0.08524053745639304,1,1,same_race
1270,4903,0.08524053745639304,1,0,cross_race
976,5592,0.0,1,1,same_race
976,1459,0.08524053745639304,1,0,cross_race
976,5401,0.08524053745639304,1,1,same_race
976,6329,0.17048107491278602,1,1,same_race
976,3967,0.17048107491278602,1,1,same_race
1537,2823,0.22211688016013673,0,1,cross_race
1537,5942,0.22211688016013684,0,0,same_race
1537,2202,0.255721612369179,0,1,cross_race
1537,6983,0.3278162629567216,0,0,same_race
1537,6130,0.3278162629567217,0,1,cross_race
5769,5856,0.0,0,1,cross_race
1958,3884,0.0,1,0,cross_race
1958,6833,0.08524053745639293,1,0,cross_race
1958,2259,0.08524053745639315,1,0,cross_race
1958,6659,0.08524053745639315,1,0,cross_race
1958,6829,0.08524053745639315,1,0,cross_race
3366,3784,0.0,1,0,cross_race
3366,6177,0.0,1,1,same_race
1645,5580,0.9598175949390808,1,1,same_race
1645,4731,1.4970348876126156,1,1,same_race
1645,6344,1.6430895714183684,1,1,same_race
1645,5626,1.6497094251356395,1,0,cross_race
4863,6936,0.17048107491278602,1,1,same_race
555,657,1.9361015812840197,1,1,same_race
555,1377,1.9361015812840203,1,1,same_race
555,6246,1.9450689815661666,1,1,same_race
555,4624,1.9469358726667654,1,0,cross_race
555,4545,1.9469358726667654,1,1,same_race
4547,6072,0.0,1,0,cross_race
4547,5631,0.0,1,0,cross_race
4547,5353,0.0,1,0,cross_race
4547,6851,0.08524053745639298,1,0,cross_race
985,3289,0.9667954901375246,1,1,same_race
985,3877,1.5734913501265193,1,1,same_race
985,2031,1.8919564048786595,1,1,same_race
985,4837,1.915526264360376,1,1,same_race
4773,5361,0.0,0,0,same_race
609,3637,0.0,1,1,same_race
609,2556,0.17048107491278597,1,0,cross_race
609,4758,0.17048107491278597,1,0,cross_race
6232,6766,0.20510962733674365,1,1,same_race
5626,6344,0.08524053745639304,0,1,cross_race
5626,7033,0.41021925467348724,0,1,cross_race
1886,5888,0.0,1,1,same_race
1886,6499,0.08524053745639293,1,1,same_race
1886,6132,0.08524053745639293,1,0,cross_race
4480,6850,0.0,0,1,cross_race
4480,5374,0.0,0,1,cross_race
3570,7109,0.17048107491278602,0,1,cross_race
1098,3122,0.08524053745639304,0,0,same_race
1098,3990,0.22211688016013684,0,1,cross_race
1098,2081,0.22211688016013684,0,1,cross_race
6182,7181,0.08524053745639293,0,1,cross_race
3328,3637,0.0,1,1,same_race
3328,4758,0.17048107491278597,1,0,cross_race
1938,7208,0.0,0,1,cross_race
1938,3594,0.0,0,0,same_race
1938,4924,0.0,0,1,cross_race
1938,6356,0.0,0,1,cross_race
2442,6235,0.6309528281045267,0,0,same_race
2442,3158,0.6819242996511443,0,1,cross_race
2442,5129,0.7941107268639884,0,0,same_race
2442,6073,0.8571237630020785,0,0,same_race
3065,3972,0.511443224738358,1,0,cross_race
3065,3091,0.5966837621947509,1,1,same_race
3065,6257,0.7121030190084303,1,1,same_race
2261,2364,0.0,0,1,cross_race
2261,2877,0.0,0,1,cross_race
2261,6523,0.08524053745639304,0,0,same_race
2261,4334,0.08524053745639304,0,1,cross_race
1966,7155,0.20510962733674365,1,0,cross_race
1966,7038,0.22211688016013684,1,0,cross_race
1966,2822,0.26670912269668773,1,1,same_race
2848,5956,0.2051096273367436,1,0,cross_race
2541,5666,0.08524053745639298,1,1,same_race
2541,6560,0.08524053745639304,1,1,same_race
2541,4656,0.17048107491278602,1,1,same_race
2541,6097,0.22211688016013686,1,1,same_race
5229,5237,9.956511357050962,0,0,same_race
5229,6816,13.192358033885277,0,1,cross_race
354,3279,0.9459782024393297,0,0,same_race
354,6780,2.352203960483979,0,0,same_race
354,3573,2.420168848757246,0,0,same_race
354,2570,2.523752601408996,0,1,cross_race
354,6658,2.535242549920128,0,1,cross_race
2091,5705,0.17048107491278602,1,0,cross_race
2091,3990,0.17048107491278602,1,1,same_race
2091,5738,0.20510962733674362,1,0,cross_race
4841,6554,0.08524053745639304,1,0,cross_race
4841,7006,0.17048107491278608,1,1,same_race
4841,6592,0.22211688016013684,1,1,same_race
4123,5672,0.3409621498255721,0,1,cross_race
4123,4582,0.3979009259098221,0,1,cross_race
1885,2776,0.0,1,1,same_race
1885,5685,0.08524053745639301,1,1,same_race
1885,3523,0.17048107491278602,1,0,cross_race
3300,6770,0.0,1,0,cross_race
3300,6201,0.0,1,1,same_race
3300,6803,0.0,1,1,same_race
291,3105,0.0,0,1,cross_race
291,4688,0.08524053745639293,0,1,cross_race
291,3120,0.08524053745639304,0,0,same_race
291,683,0.17048107491278608,0,0,same_race
291,3416,0.20510962733674365,0,0,same_race
5942,6130,0.17048107491278608,0,1,cross_race
2720,5842,0.20510962733674365,1,0,cross_race
2720,4617,0.22211688016013684,1,0,cross_race
2720,2850,0.22211688016013684,1,0,cross_race
4296,7074,0.3278162629567218,0,1,cross_race
4296,6858,1.0569496315757618,0,1,cross_race
4296,4692,1.4069610096227065,0,1,cross_race
3416,4305,0.08524053745639293,0,0,same_race
3416,4688,0.22211688016013684,0,1,cross_race
1691,2346,0.08524053745639304,0,1,cross_race
1691,6709,0.2051096273367436,0,1,cross_race
1691,7116,0.2221168801601368,0,1,cross_race
1691,7033,0.22211688016013686,0,1,cross_race
1790,3926,0.08524053745639303,0,0,same_race
1790,5515,0.17048107491278602,0,0,same_race
1790,3741,0.17048107491278605,0,1,cross_race
1790,3771,0.22211688016013686,0,1,cross_race
3586,5536,0.0,0,1,cross_race
3586,4930,0.08524053745639301,0,1,cross_race
5449,5980,0.08524053745639293,1,1,same_race
596,5111,0.0,1,1,same_race
596,5993,0.0,1,0,cross_race
596,2121,0.3278162629567218,1,1,same_race
596,2578,0.6556325259134436,1,1,same_race
2575,7079,0.08524053745639293,1,1,same_race
2575,5642,0.08524053745639293,1,1,same_race
529,1158,0.17048107491278608,1,0,cross_race
529,2271,0.34096214982557205,1,1,same_race
529,1661,1.0255481366837182,1,1,same_race
529,3182,1.9361015812840199,1,0,cross_race
529,6832,1.9361015812840199,1,1,same_race
474,5166,0.08524053745639293,1,1,same_race
474,1212,0.08524053745639315,1,0,cross_race
474,6008,0.08524053745639315,1,0,cross_race
474,2864,0.08524053745639315,1,1,same_race
3789,6343,0.0,1,1,same_race
4847,6769,0.2667091226966877,0,1,cross_race
4847,6210,0.5915476037913093,0,1,cross_race
4909,6332,1.193702777729466,1,0,cross_race
4909,5884,1.2336062910708983,1,0,cross_race
1002,2505,0.0,1,1,same_race
1002,2085,0.0,1,1,same_race
1002,5249,0.0,1,1,same_race
1002,5290,0.08524053745639304,1,0,cross_race
2578,6681,0.48339774506876226,1,1,same_race
2578,5993,0.6556325259134436,1,0,cross_race
2578,5111,0.6556325259134436,1,1,same_race
2578,6114,0.6556325259134436,1,1,same_race
6254,6709,0.17048107491278608,1,1,same_race
6254,7116,0.2557216123691791,1,1,same_race
5276,6246,0.17048107491278597,1,1,same_race
1158,2271,0.17048107491278597,0,1,cross_race
1158,1661,1.0396214587814476,0,1,cross_race
1158,2828,1.9342242330775994,0,1,cross_race
775,2566,0.0,1,1,same_race
775,3264,0.22211688016013686,1,1,same_race
775,4699,0.2667091226966877,1,1,same_race
775,3818,0.26670912269668773,1,1,same_race
6247,7026,0.7121030190084305,1,1,same_race
4197,7212,0.26670912269668773,1,1,same_race
2253,4490,0.0,1,1,same_race
2253,6087,0.08524053745639304,1,1,same_race
2253,4412,0.08524053745639304,1,0,cross_race
3786,4620,2.337716154755958,1,1,same_race
3786,6758,3.334350266809074,1,1,same_race
3786,5077,3.386760440116987,1,1,same_race
1820,2930,1.36768053441245,0,1,cross_race
1820,3330,2.158923241945842,0,0,same_race
4220,6832,0.0,1,1,same_race
4200,6851,0.0,1,0,cross_race
4200,6072,0.08524053745639298,1,0,cross_race
4200,5631,0.08524053745639298,1,0,cross_race
3403,4790,0.0,0,0,same_race
3403,3835,0.0,0,1,cross_race
3403,3543,0.0,0,1,cross_race
1096,3870,0.20510962733674365,0,0,same_race
1096,2823,0.2667091226966876,0,1,cross_race
1096,2169,0.26670912269668773,0,0,same_race
1096,1299,0.3278162629567219,0,1,cross_race
4298,5984,0.0,1,0,cross_race
4298,6195,0.08524053745639304,1,0,cross_race
4298,4823,0.08524053745639304,1,1,same_race
2819,4713,0.0,0,1,cross_race
2819,6546,0.0,0,1,cross_race
2819,6008,0.0,0,0,same_race
2819,2864,0.0,0,1,cross_race
5899,6119,0.0,1,1,same_race
5899,6336,0.0,1,0,cross_race
5249,5290,0.08524053745639304,1,0,cross_race
3934,4238,1.5479785232370484,1,0,cross_race
3934,4998,1.5743217458029286,1,0,cross_race
3365,6235,0.255721612369179,0,0,same_race
3365,6578,0.41898184463139465,0,1,cross_race
3365,5129,0.4189818446313947,0,0,same_race
1425,4272,0.0,1,1,same_race
1425,4405,0.0,1,0,cross_race
1425,4320,0.08524053745639293,1,1,same_race
1425,6912,0.08524053745639304,1,1,same_race
1425,7017,0.17048107491278597,1,1,same_race
3525,6850,0.0,1,1,same_race
3525,5374,0.0,1,1,same_race
5787,5956,0.25572161236917906,1,0,cross_race
5960,7033,0.0,1,1,same_race
7116,7143,0.17048107491278608,1,1,same_race
1038,1502,0.8204385093469746,1,0,cross_race
1038,6134,0.8248547125678197,1,1,same_race
1038,3841,0.9245366830287776,1,1,same_race
1038,2649,0.9459782024393296,1,0,cross_race
2672,6769,0.0,1,1,same_race
2672,4847,0.2667091226966877,1,0,cross_race
2672,6210,0.3278162629567218,1,1,same_race
2672,3221,0.3979009259098221,1,1,same_race
5235,5786,0.0,1,0,cross_race
111,3586,0.0,0,0,same_race
111,5536,0.0,0,1,cross_race
111,2448,0.0,0,1,cross_race
111,4930,0.08524053745639301,0,1,cross_race
1378,3439,0.08524053745639304,1,1,same_race
1378,6104,0.08524053745639304,1,1,same_race
5393,6880,0.20510962733674365,1,0,cross_race
698,5333,0.08524053745639304,1,1,same_race
698,5752,0.08524053745639304,1,0,cross_race
698,3133,0.20510962733674365,1,1,same_race
698,2877,0.20510962733674365,1,1,same_race
698,2261,0.20510962733674365,1,0,cross_race
3498,6806,0.08524053745639293,0,0,same_race
3498,6496,0.41898184463139465,0,0,same_race
4717,6841,0.20510962733674365,1,0,cross_race
4717,6053,0.20510962733674365,1,0,cross_race
4717,5900,0.22211688016013684,1,1,same_race
4994,6707,0.0,0,0,same_race
4994,5350,0.08524053745639293,0,0,same_race
4994,7175,0.08524053745639293,0,0,same_race
4994,5009,0.17048107491278586,0,0,same_race
4253,5719,0.0,0,1,cross_race
4253,7120,0.0,0,0,same_race
4256,5503,0.0,0,1,cross_race
4256,7020,0.0,0,1,cross_race
3091,3972,0.08524053745639293,1,0,cross_race
3091,6257,0.22211688016013684,1,1,same_race
3091,6983,0.2667091226966877,1,0,cross_race
6344,7033,0.41898184463139465,1,1,same_race
1631,3629,0.08524053745639304,1,1,same_race
1631,3598,0.08524053745639304,1,1,same_race
1631,6309,0.17048107491278597,1,1,same_race
1631,7094,0.2051096273367436,1,1,same_race
738,6382,0.22211688016013684,1,1,same_race
738,2391,0.22211688016013692,1,1,same_race
738,7088,0.39790092590982196,1,1,same_race
738,2215,0.3979009259098221,1,1,same_race
738,3870,0.4102192546734873,1,0,cross_race
6265,6375,0.3278162629567218,1,1,same_race
1824,6696,0.0,1,1,same_race
1824,3295,0.0,1,0,cross_race
1824,2514,0.0,1,1,same_race
1824,6087,0.08524053745639293,1,1,same_race
1824,4404,0.08524053745639304,1,1,same_race
6191,6850,0.0,1,1,same_race
1899,2183,0.08524053745639303,1,1,same_race
1899,4232,0.26670912269668773,1,1,same_race
1899,4038,0.26670912269668773,1,1,same_race
1899,5617,0.3278162629567218,1,1,same_race
2850,4617,0.0,0,0,same_race
2850,6519,0.08524053745639293,0,0,same_race
2850,4212,0.08524053745639293,0,1,cross_race
2850,5842,0.08524053745639293,0,0,same_race
1949,5621,0.0,1,1,same_race
1949,2511,0.08524053745639293,1,1,same_race
1949,4375,0.08524053745639304,1,0,cross_race
1949,2044,0.17048107491278597,1,1,same_race
5592,6329,0.17048107491278602,1,1,same_race
5131,5233,5.231376820504856,1,0,cross_race
5131,6194,6.868578325040082,1,1,same_race
939,5984,0.0,0,0,same_race
939,2152,0.08524053745639293,0,0,same_race
939,6195,0.08524053745639304,0,0,same_race
939,4823,0.08524053745639304,0,1,cross_race
3813,5393,0.17048107491278602,0,1,cross_race
3813,7204,0.22211688016013686,0,1,cross_race
3813,7189,0.25572161236917906,0,1,cross_race
4399,4412,0.08524053745639304,0,0,same_race
4399,4593,0.17048107491278602,0,1,cross_race
4399,4490,0.17048107491278608,0,1,cross_race
868,6769,0.17048107491278608,1,1,same_race
868,2672,0.17048107491278608,1,1,same_race
868,6210,0.22211688016013686,1,1,same_race
868,3221,0.26670912269668773,1,1,same_race
279,7094,0.08524053745639304,0,1,cross_race
279,5457,0.17048107491278608,0,0,same_race
279,7129,0.17048107491278608,0,0,same_race
279,3598,0.2051096273367436,0,1,cross_race
279,5642,0.20510962733674365,0,1,cross_race
3857,4813,0.0,1,1,same_race
3857,6664,0.0,1,1,same_race
3857,6954,0.08524053745639304,1,0,cross_race
2828,3182,0.08524053745639304,1,0,cross_race
2828,3390,0.08524053745639304,1,1,same_race
2828,6832,0.08524053745639304,1,1,same_race
4458,6232,0.0,0,1,cross_race
4458,5752,0.2051096273367436,0,0,same_race
4458,5333,0.2051096273367436,0,1,cross_race
4458,6766,0.20510962733674365,0,1,cross_race
5859,7007,0.08524053745639304,0,1,cross_race
1380,3509,0.08524053745639304,0,1,cross_race
1380,2602,0.17048107491278597,0,0,same_race
5747,6546,0.0,0,1,cross_race
5747,6008,0.0,0,0,same_race
5737,6696,0.20510962733674365,0,1,cross_race
2213,2652,0.0,1,0,cross_race
2213,7006,0.20510962733674365,1,1,same_race
2213,6554,0.22211688016013686,1,0,cross_race
2213,6287,0.22211688016013686,1,0,cross_race
3688,6043,0.0,0,0,same_race
3688,3775,0.17048107491278602,0,0,same_race
655,2754,0.5510391377724349,1,1,same_race
655,4140,0.7958018518196438,1,1,same_race
655,1724,0.8593677272577662,1,1,same_race
655,4804,1.1830952075826189,1,1,same_race
5353,6072,0.0,0,0,same_race
5353,5631,0.0,0,0,same_race
5353,6851,0.08524053745639298,0,0,same_race
3489,6846,0.22211688016013675,0,1,cross_race
3489,4699,0.2557216123691791,0,1,cross_race
3489,5069,0.2667091226966877,0,1,cross_race
1836,6515,2.749092613436868,1,1,same_race
1836,5077,3.1973366853185037,1,1,same_race
1836,5706,3.297448471135126,1,1,same_race
5237,6816,4.397227675418402,0,1,cross_race
5237,6515,5.311800000971735,0,1,cross_race
3936,3969,0.0,1,1,same_race
3936,6295,0.0,1,0,cross_race
3936,5642,0.08524053745639304,1,1,same_race
6880,7204,0.08524053745639304,0,1,cross_race
4117,4897,0.08524053745639293,0,1,cross_race
4117,4842,0.08524053745639293,0,1,cross_race
6780,6867,2.074829644223126,0,0,same_race
3278,3342,0.0,0,1,cross_race
3278,5360,0.0,0,1,cross_race
4722,6496,1.9169654799158506,1,0,cross_race
1629,3523,0.20510962733674365,1,0,cross_race
1629,5685,0.22211688016013686,1,1,same_race
1629,2099,0.22211688016013686,1,1,same_race
622,6309,0.17048107491278608,0,1,cross_race
622,6392,0.2051096273367436,0,1,cross_race
622,3598,0.255721612369179,0,1,cross_race
622,1631,0.34096214982557205,0,1,cross_race
1906,4286,0.08524053745639293,1,0,cross_race
1906,3658,0.08524053745639293,1,1,same_race
1906,2392,0.08524053745639293,1,1,same_race
1906,7007,0.08524053745639293,1,1,same_race
1906,6922,0.08524053745639293,1,0,cross_race
6912,7129,0.08524053745639304,1,0,cross_race
640,5642,0.0,1,1,same_race
640,7079,0.0,1,1,same_race
640,2551,0.08524053745639293,1,1,same_race
640,1472,0.08524053745639293,1,0,cross_race
640,2575,0.08524053745639293,1,1,same_race
6507,6614,0.08524053745639303,1,0,cross_race
50,5425,0.08524053745639304,0,1,cross_race
50,5676,0.08524053745639304,0,1,cross_race
50,459,0.08524053745639304,0,0,same_race
50,4517,0.08524053745639304,0,1,cross_race
75,649,0.08524053745639304,1,0,cross_race
75,6467,0.08524053745639304,1,0,cross_race
75,95,0.08524053745639304,1,0,cross_race
75,2190,0.17048107491278602,1,1,same_race
75,2074,0.17048107491278602,1,0,cross_race
4719,4790,0.0,0,0,same_race
4162,6725,0.0,1,0,cross_race
4162,4585,0.20510962733674362,1,1,same_race
4162,6022,0.26670912269668773,1,1,same_race
2795,5617,0.20510962733674365,1,1,same_race
2795,6097,0.4189818446313947,1,1,same_race
2248,3150,0.17048107491278602,0,1,cross_race
2248,3570,0.17048107491278608,0,0,same_race
2248,3327,0.17048107491278608,0,0,same_race
521,2591,0.08524053745639293,0,0,same_race
521,5372,0.20510962733674365,0,0,same_race
521,784,0.20510962733674365,0,0,same_race
521,6829,0.22211688016013684,0,0,same_race
4962,6906,0.2557216123691788,0,0,same_race
1619,2011,0.0,1,1,same_race
1619,1887,0.0,1,0,cross_race
1619,2103,0.0,1,1,same_race
1619,5601,0.0,1,1,same_race
6217,6987,0.08524053745639293,0,1,cross_race
1028,1493,0.4729891012196649,1,1,same_race
1028,3203,1.739910025488796,1,1,same_race
1028,6000,2.1592760822505466,1,1,same_race
1028,4722,2.7321672097189893,1,1,same_race
1768,2940,0.0,1,1,same_race
1768,4307,0.0,1,0,cross_race
1768,2029,0.0,1,1,same_race
6605,6867,0.17048107491278602,0,0,same_race
801,5449,0.08524053745639304,0,1,cross_race
801,2460,0.08524053745639304,0,0,same_race
801,2855,0.08524053745639304,0,1,cross_race
801,3881,0.08524053745639304,0,0,same_race
4732,5069,0.08524053745639304,0,1,cross_race
4732,6846,0.17048107491278608,0,1,cross_race
5036,6922,0.0,1,0,cross_race
4224,5289,0.08524053745639304,0,1,cross_race
4224,5393,0.20510962733674362,0,1,cross_race
7094,7129,0.08524053745639304,1,0,cross_race
4663,6730,0.26670912269668773,1,1,same_race
4663,6433,0.34096214982557205,1,1,same_race
4670,6605,0.08524053745639301,1,0,cross_race
4670,6316,0.08524053745639304,1,0,cross_race
2448,3586,0.0,1,0,cross_race
2448,5536,0.0,1,1,same_race
2448,4930,0.08524053745639301,1,1,same_race
6477,6529,0.08524053745639304,0,1,cross_race
1414,1776,0.08524053745639293,1,1,same_race
1414,5842,0.08524053745639315,1,0,cross_race
1414,1816,0.17048107491278608,1,0,cross_race
1414,4181,0.17048107491278608,1,0,cross_race
1414,4617,0.17048107491278608,1,0,cross_race
2710,6658,0.17048107491278608,1,1,same_race
2710,3118,0.26670912269668773,1,0,cross_race
2710,3620,0.48339774506876226,1,0,cross_race
2710,4231,0.6663506404804105,1,1,same_race
5386,5907,0.0,0,1,cross_race
2469,3368,3.2386978627395404,1,1,same_race
2469,3141,3.79822797340456,1,1,same_race
2469,7145,4.06753065267799,1,0,cross_race
497,3671,0.0,1,1,same_race
497,6043,0.08524053745639298,1,0,cross_race
497,3688,0.08524053745639298,1,0,cross_race
497,3775,0.08524053745639304,1,0,cross_race
497,872,0.17048107491278602,1,0,cross_race
5401,6742,0.08524053745639304,1,1,same_race
5401,5592,0.08524053745639304,1,1,same_race
1286,6316,0.22211688016013686,1,0,cross_race
1713,6097,0.17048107491278608,1,1,same_race
2364,2877,0.0,1,1,same_race
2364,6523,0.08524053745639304,1,0,cross_race
2364,4334,0.08524053745639304,1,1,same_race
884,3268,0.08524053745639303,1,0,cross_race
884,4532,0.08524053745639304,1,0,cross_race
884,5676,0.17048107491278602,1,1,same_race
884,5425,0.17048107491278602,1,1,same_race
637,6073,0.08524053745639293,1,0,cross_race
637,6235,0.41898184463139465,1,0,cross_race
637,3365,0.5334182453933753,1,0,cross_race
637,4317,0.5915476037913092,1,0,cross_race
637,3158,0.6385087547867919,1,1,same_race
2467,2766,1.0290845105632973,1,1,same_race
2467,3147,1.4069610096227068,1,0,cross_race
3748,6820,0.22211688016013692,0,0,same_race
3748,6479,0.26670912269668773,0,0,same_race
3748,6508,0.26670912269668773,0,0,same_race
4000,4903,0.0,0,0,same_race
2024,4296,0.26670912269668773,1,0,cross_race
2024,7074,0.5915476037913094,1,1,same_race
2024,6858,0.8248547125678196,1,1,same_race
2024,2696,1.2424098876969956,1,0,cross_race
2404,4399,0.08524053745639298,1,0,cross_race
2404,4593,0.08524053745639304,1,1,same_race
2404,4412,0.17048107491278602,1,0,cross_race
2404,4490,0.25572161236917906,1,1,same_race
4283,5672,0.08524053745639301,1,1,same_race
4283,4582,0.22211688016013686,1,1,same_race
4283,6730,0.26670912269668773,1,1,same_race
5824,7208,0.0,1,1,same_race
5824,6356,0.0,1,1,same_race
2841,5980,0.0,1,1,same_race
2841,5449,0.08524053745639293,1,1,same_race
